transaction_id,customer_id,transaction_date,currency,amount,amount_usd,category,merchant_name,transaction_type,amount_anomaly,frequency_anomaly,anomaly_score,customer_day_count
9c443d572a7b4ee58d49c3ec470b5a58,C0000086,2024-06-03 13:12:11,EUR,9791.97,10575.33,housing,Événement: achat_immobilier,Withdrawal,True,False,74.53561861332786,4
1a65f16cf00d46ce887b370d41d47ae2,C0000054,2024-05-30 06:30:16,USD,200.0,200.0,finance,ATM,Withdrawal,True,False,74.52451715353949,5
d9802411c14546309c7941b85ea313a8,C0000054,2024-06-01 15:45:56,USD,200.0,200.0,finance,ATM,Withdrawal,True,False,74.52451715353949,3
41630e9c287a4bed9f5bc3e4baefd63c,C0000054,2025-06-30 19:57:30,USD,200.0,200.0,finance,ATM,Withdrawal,True,False,74.52451715353949,5
16a78af5c2234f42bef102faecf22fbb,C0000071,2024-09-22 13:00:50,GBP,19651.05,24956.83,housing,Life Event: achat_immobilier,Withdrawal,True,False,73.36627546190093,8
388d66a727a2479a8cfcc3782e3996fe,C0000054,2025-06-26 08:14:49,USD,150.0,150.0,finance,ATM,Withdrawal,True,False,65.4880220873346,6
70ba426b503244ed9f62154a2b8614c3,C0000054,2023-12-30 17:03:51,USD,150.0,150.0,finance,ATM,Withdrawal,True,False,65.4880220873346,4
ae6bfdeb3c7c4d7382ade71f56b70220,C0000054,2025-10-26 22:25:06,USD,139.66,139.66,finance,Transfer from Checking,Transfer,False,True,63.24697168161647,10
cbb5ac345be047749feb99cf9471de0b,C0000054,2025-10-26 22:25:06,USD,139.66,139.66,finance,Transfer to Savings,Transfer,False,True,63.24697168161647,10
ea48ee40e4014fa08d65fe525ca295cd,C0000054,2025-09-26 17:55:35,USD,121.55,121.55,finance,Transfer to Savings,Transfer,False,True,58.892567815062186,12
ea13bbbf61e446889dbcb9abf870c599,C0000054,2025-09-26 17:55:35,USD,121.55,121.55,finance,Transfer from Checking,Transfer,False,True,58.892567815062186,12
8e428fcfa0214a81bb89c5083b1dab1b,C0000142,2025-02-09 22:05:28,GBP,11637.37,14779.46,housing,Life Event: achat_immobilier,Withdrawal,True,False,54.37683629032048,8
f1f8d0431d774e59892701307cdf7a37,C0000054,2023-10-17 18:12:45,USD,100.0,100.0,finance,ATM,Withdrawal,True,False,52.78245507195834,1
70e1c5be32fc4bb9babf751b8e57b017,C0000054,2023-11-15 06:21:26,USD,100.0,100.0,finance,ATM,Withdrawal,True,False,52.78245507195834,4
8abbf2d6d28242bc9a097ac434063d0f,C0000054,2024-09-03 08:20:19,USD,100.0,100.0,finance,ATM,Withdrawal,True,False,52.78245507195834,1
8f3d07a35b6543cfbbaa9950d56c4d10,C0000054,2024-01-31 10:30:30,USD,100.0,100.0,finance,ATM,Withdrawal,True,False,52.78245507195834,4
fb8b7874fee946ebacafdfd98784f30b,C0000054,2026-08-31 16:25:11,USD,100.0,100.0,finance,ATM,Withdrawal,True,False,52.78245507195834,3
ed5095c7b98a4380bb8fbbdbe1ab6d7a,C0000054,2023-12-01 16:45:50,USD,100.0,100.0,finance,ATM,Withdrawal,True,False,52.78245507195834,5
a70bcdf4518d4f0bb421b5c7d17af45c,C0000054,2026-03-28 09:15:37,USD,100.0,100.0,finance,ATM,Withdrawal,True,False,52.78245507195834,2
caaf9a395ba144d6ba2d45578b336fd1,C0000054,2026-05-03 18:32:38,USD,100.0,100.0,finance,ATM,Withdrawal,True,False,52.78245507195834,5
936e8862efff4183b74a17f0545e3d61,C0000054,2023-10-27 07:06:22,USD,100.0,100.0,finance,ATM,Withdrawal,True,False,52.78245507195834,2
a6f07c48d4df45d5a9fee1cdf991aba3,C0000054,2025-07-28 17:21:12,USD,100.0,100.0,finance,ATM,Withdrawal,True,False,52.78245507195834,5
a4576c12a4604ca0962c87e8287855d8,C0000054,2024-07-26 13:30:26,USD,100.0,100.0,finance,ATM,Withdrawal,True,False,52.78245507195834,5
da866a53ac554c51b558924ba827b1f1,C0000054,2024-01-26 15:32:23,USD,88.47,88.47,finance,Transfer from Checking,Transfer,False,True,48.95279736943472,9
bb49a79a713d4d45ad7cb1e878dc9018,C0000054,2024-01-26 15:32:23,USD,88.47,88.47,finance,Transfer to Savings,Transfer,False,True,48.95279736943472,9
df24b5fc79234a89b6e622b72200d793,C0000054,2025-05-26 20:46:18,USD,87.05,87.05,finance,Transfer to Savings,Transfer,False,True,48.44734966636181,9
440ed8248c104f5591842bfd3e4deabb,C0000054,2025-05-26 20:46:18,USD,87.05,87.05,finance,Transfer from Checking,Transfer,False,True,48.44734966636181,9
ed12e005546644ac8e1a6834aef588d5,C0000054,2025-01-26 14:24:25,USD,86.73,86.73,finance,Transfer from Checking,Transfer,False,True,48.33232078219121,9
d988f90b328344b9ba7ce2fa5e1d4ff3,C0000054,2025-01-26 14:24:25,USD,86.73,86.73,finance,Transfer to Savings,Transfer,False,True,48.33232078219121,9
ac3ca757920c4837b927119ea8803653,C0000054,2023-11-12 11:24:21,USD,80.0,80.0,finance,ATM,Withdrawal,True,False,45.8107037257657,2
75ad6e2414e24cc8958368b1593fbf80,C0000054,2023-11-13 20:55:26,USD,80.0,80.0,finance,ATM,Withdrawal,True,False,45.8107037257657,5
09ebf11631ba44438c28b5881ebde944,C0000054,2023-11-09 13:46:47,USD,80.0,80.0,finance,ATM,Withdrawal,True,False,45.8107037257657,7
14aa9075d69545d498e4d3d0e06f3894,C0000158,2026-08-01 07:31:53,USD,650.22,650.22,housing,Realty Partners,Withdrawal,True,False,44.72663606352032,7
3e0a6ea7052040409c8c4df2cb915890,C0000158,2026-07-01 08:07:43,USD,650.22,650.22,housing,Realty Partners,Withdrawal,True,False,44.72663606352032,6
b33f8da1b8bb45fb9a3a73fdcadb2480,C0000158,2026-05-01 20:48:12,USD,650.22,650.22,housing,Realty Partners,Withdrawal,True,False,44.72663606352032,7
82a024a024fa49b8aeb144d825814de5,C0000158,2025-06-01 12:24:01,USD,633.74,633.74,housing,Realty Partners,Withdrawal,True,False,44.37487928761816,8
e17d69d1312c45e3bc1c12b407f46823,C0000158,2025-03-01 17:53:45,USD,633.74,633.74,housing,Realty Partners,Withdrawal,True,False,44.37487928761816,4
41c82e9648d248138e0a0cb750e38694,C0000158,2025-02-01 09:24:44,USD,633.74,633.74,housing,Realty Partners,Withdrawal,True,False,44.37487928761816,8
ae49a4e115d24291ac251d4858b8d044,C0000158,2025-10-01 22:08:22,USD,633.74,633.74,housing,Property Mgmt LLC,Withdrawal,True,False,44.37487928761816,5
3cdc88838916400da6f43e3ef53ec9fc,C0000158,2025-12-01 17:19:36,USD,633.74,633.74,housing,Property Mgmt LLC,Withdrawal,True,False,44.37487928761816,4
e4abe7377fee418ab24c41833297a40b,C0000158,2025-01-01 11:47:57,USD,633.74,633.74,housing,Property Mgmt LLC,Withdrawal,True,False,44.37487928761816,5
770a7925dc304d34906c8a108db2a3c4,C0000158,2025-09-01 21:39:41,USD,633.74,633.74,housing,Realty Partners,Withdrawal,True,False,44.37487928761816,4
bd771dc0cce449b8bb378c0035ea06d9,C0000158,2025-07-01 13:22:17,USD,633.74,633.74,housing,Property Mgmt LLC,Withdrawal,True,False,44.37487928761816,8
f1556da719bc49789cce9a5f42cf5be9,C0000158,2025-11-01 19:04:31,USD,633.74,633.74,housing,Realty Partners,Withdrawal,True,False,44.37487928761816,3
dfdc7f716c874cf19fd46935d0756c11,C0000158,2024-08-01 12:51:20,USD,617.68,617.68,housing,Property Mgmt LLC,Withdrawal,True,False,44.02318797828254,4
df6fb132138447fd91e47c35a8d0fd6e,C0000158,2024-07-01 10:54:53,USD,617.68,617.68,housing,Property Mgmt LLC,Withdrawal,True,False,44.02318797828254,5
da2dc23642f64eeb9985d32eb9a2e74d,C0000158,2024-12-01 09:02:11,USD,617.68,617.68,housing,Realty Partners,Withdrawal,True,False,44.02318797828254,10
649562893e374e6d851d2af2514248b5,C0000158,2024-11-01 22:13:35,USD,617.68,617.68,housing,Realty Partners,Withdrawal,True,False,44.02318797828254,5
660186db96a641e4b7fee99d397b5656,C0000158,2024-10-01 20:07:03,USD,617.68,617.68,housing,Realty Partners,Withdrawal,True,False,44.02318797828254,5
230d09fe081a40e4849155ed400c465f,C0000158,2024-09-01 19:58:51,USD,617.68,617.68,housing,Property Mgmt LLC,Withdrawal,True,False,44.02318797828254,11
c48236c094874db0ba51347333d37507,C0000158,2024-02-01 17:38:13,USD,617.68,617.68,housing,Property Mgmt LLC,Withdrawal,True,False,44.02318797828254,3
b66a014d1b41418d81c815e34a20dfa0,C0000158,2024-01-01 11:10:45,USD,617.68,617.68,housing,Property Mgmt LLC,Withdrawal,True,False,44.02318797828254,7
753e041dfd7a4a9a9a75c917c0b30b80,C0000140,2026-08-27 09:29:35,EUR,267.09,288.46,health,Optic 2000,Withdrawal,True,False,43.447911021574285,2
8242692e749f4908a9c763c57e6c49b8,C0000099,2023-10-27 18:08:18,EUR,47.83,51.66,subscriptions,Steam,Withdrawal,True,False,42.1549277855084,3
f68c1bd5e50c4111b8b28b64069ccdd9,C0000020,2025-10-19 20:27:48,GBP,128.82,163.6,utilities,British Gas,Withdrawal,False,True,41.01404169699012,11
369907d9e1ad49a291f96f21e59a5226,C0000140,2024-10-28 14:53:05,EUR,202.57,218.78,health,Optic 2000,Withdrawal,True,False,38.34033235027356,3
b251c122a1b847509e055da9c9a486eb,C0000016,2026-08-03 15:05:42,USD,329.29,329.29,finance,Vela Neobank - Personal Loan,Withdrawal,True,False,37.81450535383769,3
0329c1a0b0ee4b80ab2e1f1ab0a35654,C0000054,2025-06-01 18:50:46,USD,60.0,60.0,finance,ATM,Withdrawal,True,False,36.85160548187221,3
f835761c7e064659a50589ba60bfe04e,C0000054,2024-02-26 15:41:34,USD,60.0,60.0,finance,ATM,Withdrawal,True,False,36.85160548187221,7
dc951632fd2b4171b67cee358e751999,C0000054,2023-10-31 20:16:46,USD,60.0,60.0,finance,ATM,Withdrawal,True,False,36.85160548187221,3
c586e3fa880c4aee943a54a298259373,C0000054,2024-02-28 09:50:49,USD,60.0,60.0,finance,ATM,Withdrawal,True,False,36.85160548187221,4
9293cc6f15074cc6b2bbce2cc55cc690,C0000054,2023-11-28 14:31:29,USD,50.0,50.0,finance,ATM,Withdrawal,True,False,31.194868982992467,4
8f9eb725b7ac4062be97bc76416935ca,C0000054,2025-08-04 09:07:25,USD,50.0,50.0,finance,ATM,Withdrawal,True,False,31.194868982992467,3
e20de380e62b496b8c277359a076a1f6,C0000054,2025-07-01 12:07:32,USD,50.0,50.0,finance,ATM,Withdrawal,True,False,31.194868982992467,5
47d39ec1382940528b64db59115aa862,C0000054,2026-04-29 17:13:54,USD,50.0,50.0,finance,ATM,Withdrawal,True,False,31.194868982992467,4
d8d51fe0894f45319d9db0747c8c9649,C0000016,2026-09-29 09:17:07,USD,200.0,200.0,finance,ATM,Withdrawal,True,False,31.12006609469995,3
076e7cd00d6f487b9ec9d9908d6e0ee9,C0000016,2026-05-26 18:07:56,USD,200.0,200.0,finance,ATM,Withdrawal,True,False,31.12006609469995,4
c05f6c85f4264ac2a956d130000fd255,C0000140,2024-03-26 11:08:32,EUR,112.99,122.03,health,Optic 2000,Withdrawal,True,False,27.57955552166444,4
dc9e0ce6e0244de590c9058b20574b82,C0000120,2024-10-01 10:46:40,GBP,1012.02,1285.27,finance,Monza Neobank - Car Finance,Withdrawal,True,False,25.91127506639205,5
b8e320361c4b469c8b6c5b3038fa41cf,C0000120,2025-01-01 16:36:41,GBP,1012.02,1285.27,finance,Monza Neobank - Car Finance,Withdrawal,True,False,25.91127506639205,1
482b451f8df44829ad7f122717de5ec6,C0000120,2024-05-01 08:58:28,GBP,1012.02,1285.27,finance,Monza Neobank - Car Finance,Withdrawal,True,False,25.91127506639205,2
8814ccb957ae4357a78140edc6fb3071,C0000120,2024-04-01 13:17:29,GBP,1012.02,1285.27,finance,Monza Neobank - Car Finance,Withdrawal,True,False,25.91127506639205,3
abff43fa56ae4124a886138803e136b4,C0000120,2024-08-01 10:51:16,GBP,1012.02,1285.27,finance,Monza Neobank - Car Finance,Withdrawal,True,False,25.91127506639205,1
f64e38b221614f869ffdb1ba431925bf,C0000120,2024-12-01 08:47:27,GBP,1012.02,1285.27,finance,Monza Neobank - Car Finance,Withdrawal,True,False,25.91127506639205,4
af72d510c9534980bcccfb7c8cc4ee84,C0000120,2024-07-01 21:20:05,GBP,1012.02,1285.27,finance,Monza Neobank - Car Finance,Withdrawal,True,False,25.91127506639205,4
261c14d3717a4ffeb8a946d661a8d507,C0000054,2024-05-01 18:48:51,USD,40.0,40.0,finance,ATM,Withdrawal,True,False,24.299503958022328,3
6e38fd45c8864d4d89d59ab0990b6db4,C0000054,2025-03-28 20:55:50,USD,40.0,40.0,finance,ATM,Withdrawal,True,False,24.299503958022328,3
a250ee9a413049daa1e041860138c524,C0000099,2025-02-09 16:33:22,EUR,26.64,28.77,subscriptions,Basic Fit,Withdrawal,True,False,24.29827610822769,4
b81ddbc34b404a69a0e97c9653c5e277,C0000016,2026-04-29 17:16:00,USD,100.0,100.0,finance,ATM,Withdrawal,True,False,21.844200161027555,4
1f6ef2aa40884dbe8927af48b8b653fc,C0000016,2026-04-28 15:50:43,USD,100.0,100.0,finance,ATM,Withdrawal,True,False,21.844200161027555,1
ef804ee17a7f4540ae6a8182d9f4fe14,C0000016,2025-12-01 18:57:43,USD,100.0,100.0,finance,ATM,Withdrawal,True,False,21.844200161027555,3
211be100ebc24fc2b3da36ecde881658,C0000016,2026-05-28 05:26:31,USD,100.0,100.0,finance,ATM,Withdrawal,True,False,21.844200161027555,2
aaa06916afd247559887463dd1b46000,C0000182,2024-06-25 11:17:52,GBP,200.0,254.0,finance,CASH MACHINE,Withdrawal,True,True,21.78441973836364,8
e043b9bcc8f34ce5a0e325740a62b1fc,C0000190,2026-04-05 17:36:54,GBP,200.0,254.0,finance,CASH MACHINE,Withdrawal,True,True,21.51007152525945,9
b5dfb1b2c678481fa81b9f6c7e12063e,C0000190,2023-10-28 08:13:59,GBP,200.0,254.0,finance,CASH MACHINE,Withdrawal,True,False,21.51007152525945,6
e9478883ed6149e3bdd2bd6c6f1b3812,C0000190,2025-11-01 06:01:35,GBP,200.0,254.0,finance,CASH MACHINE,Withdrawal,True,False,21.51007152525945,3
cdb66443ded94dd6a14303bef5b1e42c,C0000190,2023-12-29 14:23:43,GBP,200.0,254.0,finance,CASH MACHINE,Withdrawal,True,False,21.51007152525945,2
131e561c5d864d12b69dd1f0d4437b68,C0000190,2026-07-29 13:51:12,GBP,200.0,254.0,finance,CASH MACHINE,Withdrawal,True,True,21.51007152525945,9
9bab35528212493dbe42c5553d6999ef,C0000190,2026-08-28 08:06:57,GBP,200.0,254.0,finance,CASH MACHINE,Withdrawal,True,False,21.51007152525945,3
cc60ff0c619d4254bbb153ef97452c39,C0000190,2024-04-29 08:15:56,GBP,200.0,254.0,finance,CASH MACHINE,Withdrawal,True,False,21.51007152525945,1
ffd8024b34d046739033f0bd6886e081,C0000190,2024-04-02 17:17:27,GBP,200.0,254.0,finance,CASH MACHINE,Withdrawal,True,False,21.51007152525945,2
236e22f5b7994914b3e13626dad3651f,C0000099,2024-05-06 15:07:24,EUR,24.0,25.92,subscriptions,Basic Fit,Withdrawal,True,False,21.1477036587666,5
ceb3ef88a3fd4096862f6b9594b511bb,C0000038,2024-01-06 16:33:33,USD,200.0,200.0,finance,ATM,Withdrawal,True,False,20.35166244228738,7
265107af834a4c62ac7b7232f05793d8,C0000038,2025-03-01 08:32:51,USD,200.0,200.0,finance,ATM,Withdrawal,True,False,20.35166244228738,1
0ec8bc1fffc1462fa4ab00c3c6879f6e,C0000038,2024-06-18 17:41:40,USD,200.0,200.0,finance,ATM,Withdrawal,True,False,20.35166244228738,9
e9c974037ab549f29b035452a33ad9bf,C0000038,2025-03-30 12:42:11,USD,200.0,200.0,finance,ATM,Withdrawal,True,False,20.35166244228738,4
e8d76988fab54f01b6e1127ad4830a60,C0000038,2024-10-31 07:21:09,USD,200.0,200.0,finance,ATM,Withdrawal,True,False,20.35166244228738,5
14d53a5b90e44e5d80b76cd3be25c262,C0000038,2024-05-10 09:09:46,USD,200.0,200.0,finance,ATM,Withdrawal,True,False,20.35166244228738,4
6ab5a74213ec4eecb673bb3b142eeac4,C0000038,2024-01-08 17:58:37,USD,200.0,200.0,finance,ATM,Withdrawal,True,False,20.35166244228738,5
01b68fbc828a4813a745f42e8419a968,C0000129,2024-12-25 19:05:13,USD,383.91,383.91,finance,Transfer to Savings,Transfer,False,True,19.60138647545428,10
61fc60c0f8fd4dce952a1e05629290aa,C0000129,2024-12-25 19:05:13,USD,383.91,383.91,finance,Transfer from Checking,Transfer,False,True,19.60138647545428,10
3bcd88c790694d88a16f9082ccf2b53b,C0000150,2025-08-30 07:57:26,EUR,200.0,216.0,finance,DAB,Withdrawal,True,False,19.5182363498628,6
1b114dd896ab41bf99fd1d4c4eb5c3df,C0000150,2025-02-02 19:04:48,EUR,200.0,216.0,finance,DAB,Withdrawal,True,False,19.5182363498628,3
c9f96d8a835c40eeb2106ff6514dba73,C0000150,2025-03-06 08:24:44,EUR,200.0,216.0,finance,DAB,Withdrawal,True,False,19.5182363498628,2
cd84c66d177f4d57a1a73c6da6f7a89a,C0000150,2025-05-29 13:48:44,EUR,200.0,216.0,finance,DAB,Withdrawal,True,False,19.5182363498628,4
9b7e92b392df4d55b861b7b93c512f24,C0000150,2026-05-27 16:02:52,EUR,200.0,216.0,finance,DAB,Withdrawal,True,False,19.5182363498628,5
d87d4127c275425dadb8c6f4469c875a,C0000182,2024-03-31 09:15:34,GBP,150.0,190.5,finance,CASH MACHINE,Withdrawal,True,False,19.151084614193223,4
2b6fa7d886b34de49640ea14e55b314e,C0000182,2024-04-27 07:51:12,GBP,150.0,190.5,finance,CASH MACHINE,Withdrawal,True,False,19.151084614193223,2
1d4e702d28f54640b40ac1287ea9c55f,C0000129,2024-06-25 18:15:29,USD,353.53,353.53,finance,Transfer to Savings,Transfer,False,True,19.04729813077183,10
b01f7fc113904f4ebdea85978ef2e794,C0000129,2024-06-25 18:15:29,USD,353.53,353.53,finance,Transfer from Checking,Transfer,False,True,19.04729813077183,10
e2fefa2dff9e4b94b5b85985ae4609fc,C0000190,2026-03-01 15:58:16,GBP,150.0,190.5,finance,CASH MACHINE,Withdrawal,True,False,18.90990004714881,5
c6556943cb0e4a47b0265bd6d87c44bb,C0000190,2024-11-29 17:43:19,GBP,150.0,190.5,finance,CASH MACHINE,Withdrawal,True,False,18.90990004714881,8
d8067359ea2b4ccb98a63a6bb30a85be,C0000190,2025-05-28 07:40:25,GBP,150.0,190.5,finance,CASH MACHINE,Withdrawal,True,False,18.90990004714881,6
6a267da37d8742018144d063e78146d5,C0000190,2024-06-02 18:40:15,GBP,150.0,190.5,finance,CASH MACHINE,Withdrawal,True,False,18.90990004714881,3
5e9acf42169045b5990cfc58eda43b8c,C0000190,2025-06-04 08:01:26,GBP,150.0,190.5,finance,CASH MACHINE,Withdrawal,True,False,18.90990004714881,4
ba94a55bf6a44c9a9a7f3ce45d706957,C0000190,2026-06-28 17:24:25,GBP,150.0,190.5,finance,CASH MACHINE,Withdrawal,True,False,18.90990004714881,7
6c134d539b41460da94b482a06f4f784,C0000016,2025-12-31 19:31:57,USD,80.0,80.0,finance,ATM,Withdrawal,True,False,18.86982585524505,4
7749dec057644fa088bfaee1d8b413fd,C0000143,2023-11-18 16:16:16,USD,33.09,33.09,subscriptions,Planet Fitness,Withdrawal,True,False,18.54431926041755,1
9d317c48cdb74ecc9b77e069821d2e04,C0000049,2024-04-27 11:13:31,GBP,298.82,379.5,finance,Transfer from Current,Transfer,False,True,18.46451427125506,9
cf5c66f4c74c42c48a7892cbb0dd89ba,C0000049,2024-04-27 11:13:31,GBP,298.82,379.5,finance,Transfer to Savings,Transfer,False,True,18.46451427125506,9
252180cc76d442c28a8ff7b9c80f03c8,C0000049,2024-09-27 13:57:55,GBP,289.77,368.01,finance,Transfer to Savings,Transfer,False,True,18.260068937478376,10
a73ec416bedf4250abe732b5bacfffd9,C0000049,2024-09-27 13:57:55,GBP,289.77,368.01,finance,Transfer from Current,Transfer,False,True,18.260068937478376,10
ba26c1b992544a4a95c31c4164b3c318,C0000049,2025-01-27 22:59:03,GBP,282.38,358.62,finance,Transfer from Current,Transfer,False,True,18.088205628567493,9
94d029fffb834520868afc2f445db793,C0000049,2025-01-27 22:59:03,GBP,282.38,358.62,finance,Transfer to Savings,Transfer,False,True,18.088205628567493,9
620abe63b8eb4f01bf571abc05b291c6,C0000129,2023-11-25 09:40:40,USD,298.2,298.2,finance,Transfer from Checking,Transfer,False,True,17.9037560410646,9
d60634d7a8d7400bbea23177c9ec53ec,C0000129,2023-11-25 09:40:40,USD,298.2,298.2,finance,Transfer to Savings,Transfer,False,True,17.9037560410646,9
1a91684fcf3e4b52860ae719c985be7f,C0000038,2026-06-02 19:00:09,USD,150.0,150.0,finance,ATM,Withdrawal,True,False,17.85753489915312,2
a541356f5a394fde88c487f143f0ae1b,C0000038,2023-10-16 17:14:41,USD,150.0,150.0,finance,ATM,Withdrawal,True,False,17.85753489915312,8
81cf19575bef426bb5725f66238f1f35,C0000038,2023-10-15 19:01:18,USD,150.0,150.0,finance,ATM,Withdrawal,True,False,17.85753489915312,8
cbf1fa4b63b6459a974d7827348d57b6,C0000038,2023-12-12 08:01:07,USD,150.0,150.0,finance,ATM,Withdrawal,True,False,17.85753489915312,5
545288b8ed774f7d837eb63b941ea5e4,C0000038,2025-08-31 13:23:55,USD,150.0,150.0,finance,ATM,Withdrawal,True,False,17.85753489915312,2
5783307c56264a9a8ac366598c77aa44,C0000038,2026-09-25 06:54:07,USD,150.0,150.0,finance,ATM,Withdrawal,True,False,17.85753489915312,4
6e0ad8a4aeaf458cbd91eef2e81298e7,C0000038,2025-04-01 07:54:33,USD,150.0,150.0,finance,ATM,Withdrawal,True,False,17.85753489915312,3
4b7e9694af76433192c907605f0fdb9a,C0000049,2025-08-27 09:28:25,GBP,271.59,344.92,finance,Transfer to Savings,Transfer,False,True,17.829232859881692,9
040cf529ebc1475a804794e05ac63bde,C0000049,2025-08-27 09:28:25,GBP,271.59,344.92,finance,Transfer from Current,Transfer,False,True,17.829232859881692,9
f26680e17e67496b89350f9d3e052806,C0000177,2024-03-09 21:33:56,USD,25.53,25.53,subscriptions,Planet Fitness,Withdrawal,True,False,17.410124036457116,2
7892af17074c4e558b0419eefbb23c7a,C0000169,2026-06-03 15:38:06,USD,4749.28,4749.28,finance,Summit Private Bank - Mortgage,Withdrawal,True,False,17.121733627936553,6
7979f7cb666e49b58c592ef1bd1893ad,C0000169,2026-07-03 17:36:43,USD,4749.28,4749.28,finance,Summit Private Bank - Mortgage,Withdrawal,True,False,17.121733627936553,4
6dcf64b88c034bd283cd812b633400c9,C0000169,2026-04-03 22:32:45,USD,4749.28,4749.28,finance,Summit Private Bank - Mortgage,Withdrawal,True,False,17.121733627936553,6
210644f5e0674e5597c1ff47ceffe48b,C0000169,2026-05-03 13:17:27,USD,4749.28,4749.28,finance,Summit Private Bank - Mortgage,Withdrawal,True,False,17.121733627936553,6
56d7392b033e4175954bd58834725d46,C0000169,2026-09-03 19:44:39,USD,4749.28,4749.28,finance,Summit Private Bank - Mortgage,Withdrawal,True,False,17.121733627936553,5
3cee532c14c34055b35a7fe4936dac1c,C0000169,2025-04-03 14:32:38,USD,4749.28,4749.28,finance,Summit Private Bank - Mortgage,Withdrawal,True,False,17.121733627936553,11
819bdf5d1df54f49865b05d6c85dea93,C0000169,2025-03-03 11:06:54,USD,4749.28,4749.28,finance,Summit Private Bank - Mortgage,Withdrawal,True,False,17.121733627936553,7
209274f42db34791b4ebd1067a2f3684,C0000169,2026-10-03 10:33:42,USD,4749.28,4749.28,finance,Summit Private Bank - Mortgage,Withdrawal,True,False,17.121733627936553,9
943afb0fc9a74368bfed04f28c2e797b,C0000169,2025-06-03 22:03:08,USD,4749.28,4749.28,finance,Summit Private Bank - Mortgage,Withdrawal,True,False,17.121733627936553,4
b22b33ff34e447edb045b73fccc03662,C0000169,2024-12-03 09:43:31,USD,4749.28,4749.28,finance,Summit Private Bank - Mortgage,Withdrawal,True,False,17.121733627936553,6
9a1c5ba776d74e31a5c807a411867888,C0000169,2025-05-03 09:55:49,USD,4749.28,4749.28,finance,Summit Private Bank - Mortgage,Withdrawal,True,False,17.121733627936553,4
ad6854fe44f645b6ba8555849252e49f,C0000169,2026-02-03 08:28:12,USD,4749.28,4749.28,finance,Summit Private Bank - Mortgage,Withdrawal,True,False,17.121733627936553,6
5d9f27ea6b0045ef92697e9c39c58b87,C0000169,2026-03-03 11:21:22,USD,4749.28,4749.28,finance,Summit Private Bank - Mortgage,Withdrawal,True,False,17.121733627936553,5
cffbdb5b4a8e4da2bca31a2b6838a6e0,C0000169,2025-02-03 15:56:38,USD,4749.28,4749.28,finance,Summit Private Bank - Mortgage,Withdrawal,True,False,17.121733627936553,12
f213c45f78104f92a45c1c46825d7fbb,C0000169,2025-08-03 13:19:50,USD,4749.28,4749.28,finance,Summit Private Bank - Mortgage,Withdrawal,True,False,17.121733627936553,5
c97c97f3ae0446e598062f75e1a86f56,C0000169,2024-11-03 20:24:01,USD,4749.28,4749.28,finance,Summit Private Bank - Mortgage,Withdrawal,True,False,17.121733627936553,2
4055269a851140389085c5989579e70a,C0000169,2024-10-03 18:37:54,USD,4749.28,4749.28,finance,Summit Private Bank - Mortgage,Withdrawal,True,False,17.121733627936553,4
03dc50573ee64da6867010b45304fd78,C0000169,2025-09-03 18:33:50,USD,4749.28,4749.28,finance,Summit Private Bank - Mortgage,Withdrawal,True,False,17.121733627936553,7
1223e35685e14df488f97f7e7719b01a,C0000169,2025-01-03 09:27:11,USD,4749.28,4749.28,finance,Summit Private Bank - Mortgage,Withdrawal,True,False,17.121733627936553,7
473bcfdec2b04faa9191be6e894f4ffe,C0000169,2025-12-03 11:42:16,USD,4749.28,4749.28,finance,Summit Private Bank - Mortgage,Withdrawal,True,False,17.121733627936553,6
564ad507f5894f00b6e5fd6c432aead2,C0000169,2026-01-03 11:19:11,USD,4749.28,4749.28,finance,Summit Private Bank - Mortgage,Withdrawal,True,False,17.121733627936553,5
3b9709ee262b485baaafd5eb106c5f41,C0000169,2025-07-03 19:56:23,USD,4749.28,4749.28,finance,Summit Private Bank - Mortgage,Withdrawal,True,False,17.121733627936553,4
6d5a999ec5d94e5aad73ae5fb10c8dbf,C0000169,2025-11-03 12:46:37,USD,4749.28,4749.28,finance,Summit Private Bank - Mortgage,Withdrawal,True,False,17.121733627936553,8
f88c514bd7954d71b35e6c1aab140792,C0000150,2025-04-30 16:19:24,EUR,150.0,162.0,finance,DAB,Withdrawal,True,False,17.081506016429298,2
9f40905515584f91987656edd1dcec2e,C0000150,2024-12-28 19:48:48,EUR,150.0,162.0,finance,DAB,Withdrawal,True,False,17.081506016429298,4
c6a58aa8660840b4a5175d1b82deb079,C0000150,2026-05-02 15:55:11,EUR,150.0,162.0,finance,DAB,Withdrawal,True,False,17.081506016429298,4
95b15e31b763448f9d2db5906b306b19,C0000150,2026-09-29 12:20:07,EUR,150.0,162.0,finance,DAB,Withdrawal,True,False,17.081506016429298,4
920e137fa8d54e32b321421a3bcd6ae0,C0000132,2026-01-29 12:11:44,EUR,200.0,216.0,finance,DAB,Withdrawal,True,False,17.054269422183665,3
40caf21d8fda48d69274c3ac6df35897,C0000132,2025-01-30 08:14:29,EUR,200.0,216.0,finance,DAB,Withdrawal,True,False,17.054269422183665,4
ac957b4690c54b1ebddec186569d0429,C0000132,2025-12-02 17:27:04,EUR,200.0,216.0,finance,DAB,Withdrawal,True,False,17.054269422183665,3
1de2b5a300f34ea597eb2273b5a573e8,C0000132,2026-04-28 08:39:55,EUR,200.0,216.0,finance,DAB,Withdrawal,True,False,17.054269422183665,3
417c44442cf7480a8ed752666b74fcb7,C0000132,2025-07-26 15:17:12,EUR,200.0,216.0,finance,DAB,Withdrawal,True,False,17.054269422183665,7
8c55d4bfc8dc44a6aee9be7a39558e1a,C0000013,2026-06-23 07:28:56,GBP,50.74,64.44,telecom,Sky,Withdrawal,False,True,17.043739471054536,10
d8f1bce09e9843d1811cb7b8bcc0a550,C0000049,2024-07-27 08:08:13,GBP,239.17,303.75,finance,Transfer to Savings,Transfer,False,True,16.9843407800213,9
837894571b8d4396990c84f53391d28b,C0000049,2024-07-27 08:08:13,GBP,239.17,303.75,finance,Transfer from Current,Transfer,False,True,16.9843407800213,9
5c3a0d10853c4a1087a884ae3f888d48,C0000177,2025-11-20 12:31:30,USD,24.89,24.89,subscriptions,Planet Fitness,Withdrawal,True,False,16.73146069784484,5
9df4c9d71a344622b98cbd9cc0877922,C0000099,2025-01-29 12:32:31,EUR,20.49,22.13,subscriptions,Steam,Withdrawal,True,False,16.397064008133082,1
41fcc1e7fc4440d590c937573fcdd51a,C0000099,2023-12-03 20:52:14,EUR,20.48,22.12,subscriptions,Basic Fit,Withdrawal,True,False,16.383525430012444,2
dca3be7a38fe45718ad3fddb226b5fa7,C0000058,2025-01-28 15:44:44,USD,209.78,209.78,finance,Transfer to Savings,Transfer,False,True,16.217470958268052,9
78a394b0177d490793593c41529515a5,C0000058,2025-01-28 15:44:44,USD,209.78,209.78,finance,Transfer from Checking,Transfer,False,True,16.217470958268052,9
9d1cfbcbb602475a8036ac9cc4591839,C0000010,2025-09-29 08:01:05,GBP,200.0,254.0,finance,CASH MACHINE,Withdrawal,True,False,16.199044792105916,1
1ea388a0bc274317a1be6f1e3c258838,C0000010,2024-12-28 06:55:26,GBP,200.0,254.0,finance,CASH MACHINE,Withdrawal,True,False,16.199044792105916,5
5d3dbffe29c743688877700da0a7d820,C0000010,2023-11-02 08:37:55,GBP,200.0,254.0,finance,CASH MACHINE,Withdrawal,True,False,16.199044792105916,2
20e597a7e3604422aeea926fe6f156cd,C0000010,2023-11-03 12:59:24,GBP,200.0,254.0,finance,CASH MACHINE,Withdrawal,True,False,16.199044792105916,1
ab91268ad48d4534ba1930423e97e6c6,C0000010,2025-10-29 05:35:03,GBP,200.0,254.0,finance,CASH MACHINE,Withdrawal,True,False,16.199044792105916,1
eec7f73722f14658b88fc2ab3808704c,C0000140,2025-10-01 20:05:10,EUR,60.26,65.08,health,Cabinet dentaire,Withdrawal,True,False,16.051626087720265,2
40fc048e56b740578b98acc7971fc3d1,C0000178,2023-10-21 16:47:28,GBP,200.0,254.0,finance,CASH MACHINE,Withdrawal,True,False,16.050584443245288,1
11ccfdf22e8841b1879927e86d32f121,C0000178,2024-07-09 13:04:15,GBP,200.0,254.0,finance,CASH MACHINE,Withdrawal,True,False,16.050584443245288,6
635e8811036d4cdb82999a0584ba21cd,C0000178,2024-10-02 15:59:04,GBP,200.0,254.0,finance,CASH MACHINE,Withdrawal,True,False,16.050584443245288,4
2a5673d3f6e844c39c1b1ae692ec9670,C0000178,2025-01-30 19:16:45,GBP,200.0,254.0,finance,CASH MACHINE,Withdrawal,True,False,16.050584443245288,6
d6fafb665f9a43e4b07fe3341f32cf06,C0000178,2025-01-29 17:41:50,GBP,200.0,254.0,finance,CASH MACHINE,Withdrawal,True,False,16.050584443245288,3
8dc7eac4bf354174ba18e1284445ea6f,C0000131,2025-10-01 10:08:48,GBP,2893.19,3674.35,finance,Britannia Bank - Mortgage,Withdrawal,True,False,16.02794550506255,1
f8bd2bb1c704404fb44bf5f5521963fb,C0000131,2025-09-01 19:43:13,GBP,2893.19,3674.35,finance,Britannia Bank - Mortgage,Withdrawal,True,False,16.02794550506255,4
6da909bf427b4a46ab75a691cc191169,C0000131,2025-12-01 21:14:01,GBP,2893.19,3674.35,finance,Britannia Bank - Mortgage,Withdrawal,True,False,16.02794550506255,6
4376fd3492eb4800a164cae8ddf76a16,C0000131,2026-01-01 18:30:09,GBP,2893.19,3674.35,finance,Britannia Bank - Mortgage,Withdrawal,True,False,16.02794550506255,3
b8a8820a8e804fa5bec5b351b6b3f139,C0000131,2023-12-01 19:28:16,GBP,2893.19,3674.35,finance,Britannia Bank - Mortgage,Withdrawal,True,False,16.02794550506255,6
30646c284b834d6d894dd76bb54ca084,C0000131,2023-11-01 16:23:45,GBP,2893.19,3674.35,finance,Britannia Bank - Mortgage,Withdrawal,True,False,16.02794550506255,3
781de15982854ff79872bea4a924d734,C0000131,2024-12-01 11:09:51,GBP,2893.19,3674.35,finance,Britannia Bank - Mortgage,Withdrawal,True,False,16.02794550506255,4
7b11c465815947bbaf9292925125a457,C0000131,2024-07-01 21:58:22,GBP,2893.19,3674.35,finance,Britannia Bank - Mortgage,Withdrawal,True,False,16.02794550506255,3
77dd50015020406886f47c733eb95a98,C0000131,2025-02-01 10:23:40,GBP,2893.19,3674.35,finance,Britannia Bank - Mortgage,Withdrawal,True,False,16.02794550506255,6
3039411eec2e48988bae1a933c72a83a,C0000131,2025-01-01 21:57:26,GBP,2893.19,3674.35,finance,Britannia Bank - Mortgage,Withdrawal,True,True,16.02794550506255,9
5343ca06acec44729470ca39aef11504,C0000131,2026-07-01 10:23:16,GBP,2893.19,3674.35,finance,Britannia Bank - Mortgage,Withdrawal,True,False,16.02794550506255,3
2e210be6664d45748da21f25f653bd8d,C0000131,2026-05-01 08:44:43,GBP,2893.19,3674.35,finance,Britannia Bank - Mortgage,Withdrawal,True,False,16.02794550506255,4
94af54789bf84209bc4c8de023673672,C0000131,2025-06-01 19:18:54,GBP,2893.19,3674.35,finance,Britannia Bank - Mortgage,Withdrawal,True,False,16.02794550506255,6
b000492976e7487c945acdff1077e293,C0000131,2025-05-01 11:19:57,GBP,2893.19,3674.35,finance,Britannia Bank - Mortgage,Withdrawal,True,False,16.02794550506255,8
803f953679ac4f8cbd065d0843af8dbe,C0000131,2025-04-01 15:45:04,GBP,2893.19,3674.35,finance,Britannia Bank - Mortgage,Withdrawal,True,False,16.02794550506255,5
115b4a0c033f49ad8d261e7134410cb7,C0000131,2025-03-01 22:32:56,GBP,2893.19,3674.35,finance,Britannia Bank - Mortgage,Withdrawal,True,False,16.02794550506255,4
a04e9a933c8349a4b9a7261cc666d4e3,C0000131,2024-05-01 17:59:48,GBP,2893.19,3674.35,finance,Britannia Bank - Mortgage,Withdrawal,True,True,16.02794550506255,10
5273d6421d2e4ee4b52c7f5e042173f9,C0000131,2026-08-01 18:00:10,GBP,2893.19,3674.35,finance,Britannia Bank - Mortgage,Withdrawal,True,False,16.02794550506255,2
faabb924b6754587990ff702b57a8b62,C0000131,2025-07-01 08:21:44,GBP,2893.19,3674.35,finance,Britannia Bank - Mortgage,Withdrawal,True,False,16.02794550506255,6
d979c646f88040dba8d6f20b9770d468,C0000131,2025-08-01 14:17:12,GBP,2893.19,3674.35,finance,Britannia Bank - Mortgage,Withdrawal,True,False,16.02794550506255,2
af8f7857ed474022a571fe84066b7bda,C0000131,2024-10-01 22:15:52,GBP,2893.19,3674.35,finance,Britannia Bank - Mortgage,Withdrawal,True,False,16.02794550506255,5
4aca2b6f23e34ab39a10cd25ef68e6ae,C0000131,2024-11-01 14:20:46,GBP,2893.19,3674.35,finance,Britannia Bank - Mortgage,Withdrawal,True,False,16.02794550506255,7
462a78c969ea45578d0edb975ef4e971,C0000131,2026-04-01 15:46:28,GBP,2893.19,3674.35,finance,Britannia Bank - Mortgage,Withdrawal,True,False,16.02794550506255,3
eb6e899acf534d1680f0fdc5c0fa4eba,C0000131,2026-03-01 07:14:49,GBP,2893.19,3674.35,finance,Britannia Bank - Mortgage,Withdrawal,True,False,16.02794550506255,8
f5360058e9bc44718710d509ada286d7,C0000081,2023-12-25 18:53:44,USD,200.0,200.0,finance,ATM,Withdrawal,True,False,15.897283047350044,7
d0d2caa9f7a04b22a65e3edbc8252e86,C0000173,2023-10-13 17:59:09,USD,200.0,200.0,finance,ATM,Withdrawal,True,False,15.897283047350044,3
7fa2ebbd89994abda54ffe70bc23a360,C0000029,2026-04-30 07:34:30,USD,200.0,200.0,finance,ATM,Withdrawal,True,False,15.897283047350044,5
116ba0405e964641bbb2ad036201cee5,C0000058,2025-01-01 13:46:38,USD,200.0,200.0,finance,ATM,Withdrawal,True,False,15.897283047350044,3
a7360b25538149d993be2748ffa4e4e0,C0000058,2025-08-28 07:06:54,USD,200.0,200.0,finance,ATM,Withdrawal,True,False,15.897283047350044,4
7a1766ceeeb24e26bd223c3f806f81d6,C0000121,2026-08-30 11:48:47,USD,200.0,200.0,finance,ATM,Withdrawal,True,False,15.897283047350044,5
fb0f4dee50ab4b208e2df50594086bef,C0000058,2023-11-05 12:57:27,USD,200.0,200.0,finance,ATM,Withdrawal,True,False,15.897283047350044,4
ac5c9023b5b94faeba822765d74677d9,C0000121,2025-07-01 12:16:59,USD,200.0,200.0,finance,ATM,Withdrawal,True,False,15.897283047350044,3
4ee47cefa0644a9bbc0c3d911738fe56,C0000173,2025-01-29 08:22:25,USD,200.0,200.0,finance,ATM,Withdrawal,True,False,15.897283047350044,3
655ad44dc9424181ac6e0532c25fa3f3,C0000027,2024-03-01 06:23:09,USD,200.0,200.0,finance,ATM,Withdrawal,True,False,15.897283047350044,8
fa882860e68b4db19f19723966f01f19,C0000029,2024-04-28 04:10:46,USD,200.0,200.0,finance,ATM,Withdrawal,True,False,15.897283047350044,4
50f4dd8889974f0689781e19bdeff823,C0000029,2024-01-01 09:26:11,USD,200.0,200.0,finance,ATM,Withdrawal,True,False,15.897283047350044,1
68beb07accfd4835911420cd51273b9f,C0000058,2025-10-30 08:36:00,USD,200.0,200.0,finance,ATM,Withdrawal,True,False,15.897283047350044,1
106fa4d337c4405088777cd51a0de444,C0000029,2026-08-01 09:07:37,USD,200.0,200.0,finance,ATM,Withdrawal,True,False,15.897283047350044,1
c9c8c410f6fd47908ba5bf6c42723aad,C0000058,2024-04-07 13:12:11,USD,200.0,200.0,finance,ATM,Withdrawal,True,False,15.897283047350044,2
ba3554cf2e76437fbf717dd63082adae,C0000029,2025-10-31 06:55:52,USD,200.0,200.0,finance,ATM,Withdrawal,True,False,15.897283047350044,1
310889cb656f4975b6a978ec9fd28f01,C0000081,2024-03-09 18:04:03,USD,200.0,200.0,finance,ATM,Withdrawal,True,False,15.897283047350044,7
6bf3a7f34f5c4285b7b1bdcf14b105eb,C0000173,2023-12-27 07:34:20,USD,200.0,200.0,finance,ATM,Withdrawal,True,False,15.897283047350044,5
38cff05da66948bd803bc2453b194f40,C0000081,2024-07-19 19:17:31,USD,200.0,200.0,finance,ATM,Withdrawal,True,False,15.897283047350044,5
bd43cbef6aae4796a7d41dede7824235,C0000081,2024-08-15 17:17:17,USD,200.0,200.0,finance,ATM,Withdrawal,True,False,15.897283047350044,2
70fa0e2fd5ae492889ab65a5d7edd81b,C0000081,2024-07-28 10:06:37,USD,200.0,200.0,finance,ATM,Withdrawal,True,True,15.897283047350044,13
088a971879704aa69786566d12f61cd4,C0000081,2025-01-22 09:06:33,USD,200.0,200.0,finance,ATM,Withdrawal,True,False,15.897283047350044,4
b4044c5669e64a9a8c63cab10b2708f0,C0000081,2024-08-10 16:00:46,USD,200.0,200.0,finance,ATM,Withdrawal,True,False,15.897283047350044,7
1b82253372874af4b7ebc273206b3746,C0000067,2024-05-03 06:37:32,EUR,200.0,216.0,finance,DAB,Withdrawal,True,False,15.862058857631812,2
40003b8d7d644a98a9365857b3432d12,C0000176,2024-11-01 06:00:29,EUR,200.0,216.0,finance,DAB,Withdrawal,True,False,15.862058857631812,1
b4628ceec67040bfb08434faf7686d70,C0000067,2023-10-31 21:26:47,EUR,200.0,216.0,finance,DAB,Withdrawal,True,False,15.862058857631812,2
7b392a1bd5b248d3b5ff3afd9212e7e0,C0000176,2024-08-31 08:14:21,EUR,200.0,216.0,finance,DAB,Withdrawal,True,False,15.862058857631812,4
9ce2244c97bd419f9101fa7d1fe78f7f,C0000176,2025-08-01 08:09:59,EUR,200.0,216.0,finance,DAB,Withdrawal,True,False,15.862058857631812,2
5947727d87c34b948891caaac0076dbf,C0000176,2024-10-01 17:49:18,EUR,200.0,216.0,finance,DAB,Withdrawal,True,False,15.862058857631812,2
980f6c73e49d436bb5ae086e5bfcd734,C0000176,2025-05-04 17:04:06,EUR,200.0,216.0,finance,DAB,Withdrawal,True,False,15.862058857631812,3
baf87087f17c4873a735b58ccc768c40,C0000067,2026-01-01 07:23:20,EUR,200.0,216.0,finance,DAB,Withdrawal,True,False,15.862058857631812,3
300a1628e098441f952d9090e83777d8,C0000067,2025-12-02 18:48:33,EUR,200.0,216.0,finance,DAB,Withdrawal,True,False,15.862058857631812,4
078202caeab6496c898f50ebc81dd1d2,C0000042,2026-07-01 12:12:53,EUR,200.0,216.0,finance,DAB,Withdrawal,True,False,15.862058857631812,2
e9877d40de494fb28693c1005559a239,C0000049,2025-03-03 20:09:07,GBP,200.0,254.0,finance,CASH MACHINE,Withdrawal,True,False,15.79598341267164,3
d4729259b35e4aed86cbc900d50a0805,C0000049,2025-04-03 19:57:13,GBP,200.0,254.0,finance,CASH MACHINE,Withdrawal,True,False,15.79598341267164,4
19b7f0e9e04f4d5aab397e08ea8456f6,C0000155,2023-10-27 18:05:34,GBP,200.0,254.0,finance,CASH MACHINE,Withdrawal,True,False,15.79598341267164,4
3b27a41f638c4b0c83e786cc2ed665aa,C0000155,2024-03-03 19:25:33,GBP,200.0,254.0,finance,CASH MACHINE,Withdrawal,True,False,15.79598341267164,4
b5f1bf8826f74c87941f38c078a720c1,C0000049,2026-10-01 08:58:26,GBP,200.0,254.0,finance,CASH MACHINE,Withdrawal,True,False,15.79598341267164,8
22ef9be61f15404a8034a140da6ed365,C0000014,2026-06-27 02:22:05,GBP,200.0,254.0,finance,CASH MACHINE,Withdrawal,True,False,15.79598341267164,4
5140e52c59ad46cda4f32dfe0eeacc1e,C0000049,2025-12-02 08:01:28,GBP,200.0,254.0,finance,CASH MACHINE,Withdrawal,True,False,15.79598341267164,1
f8cdc561ae434f23844ded6a54d2debf,C0000049,2026-09-03 11:27:32,GBP,200.0,254.0,finance,CASH MACHINE,Withdrawal,True,False,15.79598341267164,4
eb9388b2d9b3430b8cff58e7017df271,C0000014,2024-11-29 16:20:49,GBP,200.0,254.0,finance,CASH MACHINE,Withdrawal,True,False,15.79598341267164,2
1ce452d597e144a19f60e0a9ecdb7c12,C0000049,2025-08-05 09:49:24,GBP,200.0,254.0,finance,CASH MACHINE,Withdrawal,True,False,15.79598341267164,2
33ed330f7a174d4f89fcf2bee06b367c,C0000014,2025-11-01 16:46:19,GBP,200.0,254.0,finance,CASH MACHINE,Withdrawal,True,False,15.79598341267164,3
84a12e7183f34b86bf7795f20f8c2acb,C0000155,2025-06-28 21:52:38,GBP,200.0,254.0,finance,CASH MACHINE,Withdrawal,True,False,15.79598341267164,4
8f7118d01bfe4eb9b3689f542907b2ce,C0000049,2023-10-27 17:50:37,GBP,200.0,254.0,finance,CASH MACHINE,Withdrawal,True,False,15.79598341267164,7
aeb55692527e4315b9a0d72522c17f8d,C0000044,2024-11-01 22:38:57,USD,2976.35,2976.35,finance,First National Bank - Mortgage,Withdrawal,True,False,15.747013327775509,5
19c09312dfbe407b9e74d5f926c41006,C0000044,2023-12-01 14:20:17,USD,2976.35,2976.35,finance,First National Bank - Mortgage,Withdrawal,True,False,15.747013327775509,4
0f14c4de773b45dc9784e169ae8056bb,C0000044,2024-03-01 20:57:03,USD,2976.35,2976.35,finance,First National Bank - Mortgage,Withdrawal,True,False,15.747013327775509,2
405fc3b96da54318bc4b59516988bb7d,C0000044,2023-11-01 16:50:52,USD,2976.35,2976.35,finance,First National Bank - Mortgage,Withdrawal,True,False,15.747013327775509,6
429d9453aefc476ab6d0aa06e65cbe93,C0000099,2023-12-23 07:20:35,EUR,20.01,21.61,subscriptions,Canal+,Withdrawal,True,False,15.68517763439788,1
baef71e92e1847a393642e21ec1bbcf4,C0000120,2024-10-26 12:37:05,GBP,217.19,275.83,finance,Transfer from Current,Transfer,False,True,15.669161759158284,9
8735468ddafe41fd9bfcdff85482dbdc,C0000120,2024-10-26 12:37:05,GBP,217.19,275.83,finance,Transfer to Savings,Transfer,False,True,15.669161759158284,9
5e68ce5a640c47dc8c33dc1cf3fa7c96,C0000054,2026-01-28 20:06:39,USD,30.0,30.0,finance,ATM,Withdrawal,True,False,15.466476779532677,6
e50f05ec04af4a44a9a4565433914720,C0000054,2023-10-16 23:26:17,USD,30.0,30.0,finance,ATM,Withdrawal,True,False,15.466476779532677,2
9d22320edb664db08cdab75e3dd5cd5c,C0000054,2025-10-30 10:15:32,USD,30.0,30.0,finance,ATM,Withdrawal,True,False,15.466476779532677,3
5aaabf865f4e43da93565b4c52a62c6e,C0000054,2023-10-14 04:31:53,USD,30.0,30.0,finance,ATM,Withdrawal,True,False,15.466476779532677,3
e2f3df3ef5724775aa0afe8c7b074d0e,C0000054,2024-08-02 16:17:43,USD,30.0,30.0,finance,ATM,Withdrawal,True,False,15.466476779532677,6
d71e2eb0839b4ebeb0928138be661efb,C0000182,2024-01-29 22:59:32,GBP,100.0,127.0,finance,CASH MACHINE,Withdrawal,True,False,15.446654429834137,2
43f13e73afa0426eb715d14783a50e00,C0000182,2024-07-04 16:20:16,GBP,100.0,127.0,finance,CASH MACHINE,Withdrawal,True,False,15.446654429834137,4
8bd33c5d87554c31a042cbf0f2845fe3,C0000182,2024-02-01 00:47:22,GBP,100.0,127.0,finance,CASH MACHINE,Withdrawal,True,False,15.446654429834137,2
db5bc422ce754dda92c75154f5f8dc46,C0000144,2023-11-05 07:43:05,USD,2722.44,2722.44,finance,First National Bank - Mortgage,Withdrawal,True,False,15.364827735498489,3
6424a48f08394d41a33a245d503abd45,C0000190,2024-07-01 09:07:42,GBP,100.0,127.0,finance,CASH MACHINE,Withdrawal,True,False,15.252122645551632,2
aa0a7e7cf9a146fe989a03f622a5017f,C0000190,2026-02-06 08:43:38,GBP,100.0,127.0,finance,CASH MACHINE,Withdrawal,True,False,15.252122645551632,5
830ce05faf294c5f91d14dec964b4d0e,C0000190,2026-09-06 05:15:55,GBP,100.0,127.0,finance,CASH MACHINE,Withdrawal,True,False,15.252122645551632,4
1be29a4150784f6cb893be0c39a0b9ed,C0000190,2025-10-09 06:34:31,GBP,100.0,127.0,finance,CASH MACHINE,Withdrawal,True,False,15.252122645551632,5
80705f43a175483aa98f58aee4c4fd58,C0000190,2024-08-29 08:22:10,GBP,100.0,127.0,finance,CASH MACHINE,Withdrawal,True,False,15.252122645551632,1
308bee3efac64baba4ec0525c77c5127,C0000190,2025-10-07 07:17:32,GBP,100.0,127.0,finance,CASH MACHINE,Withdrawal,True,False,15.252122645551632,2
20f6f6a3be3a4dad8842a1a5aa01f5de,C0000190,2026-03-02 16:26:45,GBP,100.0,127.0,finance,CASH MACHINE,Withdrawal,True,False,15.252122645551632,3
cf69b1970ca841b0a940397b5153205f,C0000190,2024-11-03 18:16:44,GBP,100.0,127.0,finance,CASH MACHINE,Withdrawal,True,False,15.252122645551632,6
ab3ff97c17eb44eebd75db0c76e9b5e7,C0000190,2024-10-30 09:53:19,GBP,100.0,127.0,finance,CASH MACHINE,Withdrawal,True,False,15.252122645551632,1
2335efdb95e545498b34cc6872378f5e,C0000190,2026-03-04 10:52:48,GBP,100.0,127.0,finance,CASH MACHINE,Withdrawal,True,False,15.252122645551632,6
129399096fe04d058674ae334c915b95,C0000190,2025-01-28 17:11:08,GBP,100.0,127.0,finance,CASH MACHINE,Withdrawal,True,False,15.252122645551632,4
dcdd1f1ab89544b6b6c7329c235e7edb,C0000190,2023-12-01 08:23:45,GBP,100.0,127.0,finance,CASH MACHINE,Withdrawal,True,False,15.252122645551632,1
fc301add276745be994c8519f8c417d4,C0000190,2024-11-04 16:08:15,GBP,100.0,127.0,finance,CASH MACHINE,Withdrawal,True,False,15.252122645551632,2
6b9b5569b34b451a882aec7459338f8c,C0000129,2024-10-28 18:17:03,USD,200.0,200.0,finance,ATM,Withdrawal,True,False,15.222783047350044,4
a0d26eb891d14ca7b16a43f77fb889b1,C0000068,2026-08-01 18:24:41,USD,200.0,200.0,finance,ATM,Withdrawal,True,False,15.222783047350044,1
585ab1fd943c4007a96159ac60db6e05,C0000068,2026-04-30 16:58:51,USD,200.0,200.0,finance,ATM,Withdrawal,True,False,15.222783047350044,3
c662f0fc99ac49f7849c9501f68cef17,C0000129,2024-04-28 18:30:50,USD,200.0,200.0,finance,ATM,Withdrawal,True,False,15.222783047350044,5
425d8887e577459da0c15e302eed4e33,C0000160,2023-10-13 07:11:22,EUR,200.0,216.0,finance,DAB,Withdrawal,True,False,15.187558857631812,3
41c4f8ae542b485baf98d7d8e03e7f1f,C0000160,2023-11-29 17:52:25,EUR,200.0,216.0,finance,DAB,Withdrawal,True,False,15.187558857631812,2
2a4a5bd06b6a4289a7d769424a4d2ec2,C0000160,2024-03-01 00:19:17,EUR,200.0,216.0,finance,DAB,Withdrawal,True,False,15.187558857631812,5
3e8dfd0792904c2e8e9368b30910ad45,C0000160,2024-07-28 10:12:17,EUR,200.0,216.0,finance,DAB,Withdrawal,True,False,15.187558857631812,3
7da9003f5f4941adaacda8474f36b85b,C0000160,2024-02-29 23:13:06,EUR,200.0,216.0,finance,DAB,Withdrawal,True,False,15.187558857631812,1
60adc1d7dda84792a223f193691c6626,C0000160,2026-10-06 12:25:32,EUR,200.0,216.0,finance,DAB,Withdrawal,True,False,15.187558857631812,3
306dcb0283cb4fe1a5db7ad29a51a753,C0000160,2025-01-01 16:35:55,EUR,200.0,216.0,finance,DAB,Withdrawal,True,False,15.187558857631812,3
8381bd0dcf484552af162ff15fbd7a86,C0000160,2026-08-01 12:51:09,EUR,200.0,216.0,finance,DAB,Withdrawal,True,False,15.187558857631812,3
74021edc273a4508b633295d5a7a423e,C0000199,2025-05-27 07:48:46,GBP,200.0,254.0,finance,CASH MACHINE,Withdrawal,True,False,15.12148341267164,1
563a4353598d46c9b7f50adcf7127b65,C0000120,2024-01-31 08:24:11,GBP,200.0,254.0,finance,CASH MACHINE,Withdrawal,True,False,15.12148341267164,3
47e64f620125462cb91e8294dfc51d58,C0000199,2025-03-26 15:05:08,GBP,200.0,254.0,finance,CASH MACHINE,Withdrawal,True,False,15.12148341267164,5
4027e531f1644a0d86922256aed9786c,C0000016,2026-02-28 08:09:57,USD,60.0,60.0,finance,ATM,Withdrawal,True,False,15.047585173329368,3
5d55cec809f24672825ff3855715ea64,C0000016,2025-12-26 08:24:37,USD,60.0,60.0,finance,ATM,Withdrawal,True,False,15.047585173329368,3
d11bdaf837954c978777273d5f051f23,C0000132,2023-11-30 13:43:26,EUR,150.0,162.0,finance,DAB,Withdrawal,True,False,14.982150377921457,2
7ecb5135882c47d1b44a26e99dba2802,C0000132,2024-11-28 04:02:51,EUR,150.0,162.0,finance,DAB,Withdrawal,True,False,14.982150377921457,3
5617cc7297ad47a9b5808c0cd369729a,C0000132,2025-05-07 20:14:33,EUR,150.0,162.0,finance,DAB,Withdrawal,True,False,14.982150377921457,1
e70eaf3450d84fb480784ef87a3c972b,C0000132,2026-03-30 14:13:35,EUR,150.0,162.0,finance,DAB,Withdrawal,True,False,14.982150377921457,4
969d06cd1a644b67aeb1b35be69a2797,C0000182,2024-06-25 11:48:28,GBP,93.99,119.37,finance,Transfer to Savings,Transfer,False,True,14.881506703359763,8
25bb39b25727441ca0ebb9c8271589d3,C0000182,2024-06-25 11:48:28,GBP,93.99,119.37,finance,Transfer from Current,Transfer,False,True,14.881506703359763,8
f5e0c1b931cb4ca2b755b393b2a93677,C0000058,2026-04-28 19:38:26,USD,162.56,162.56,finance,Transfer to Savings,Transfer,False,True,14.508129205365863,10
7f8fadf1f9ba42218085e70ae94b0924,C0000058,2026-04-28 19:38:26,USD,162.56,162.56,finance,Transfer from Checking,Transfer,False,True,14.508129205365863,10
83817356ec4b4217a77020cd15bad687,C0000038,2024-01-13 14:14:53,USD,100.0,100.0,finance,ATM,Withdrawal,True,False,14.350721205124644,7
ab41eddd08f74736bf6327545b425312,C0000038,2024-01-19 07:10:49,USD,100.0,100.0,finance,ATM,Withdrawal,True,False,14.350721205124644,10
f129c647b4904ed98127ddfc4fe6b8d2,C0000038,2024-02-08 13:22:54,USD,100.0,100.0,finance,ATM,Withdrawal,True,False,14.350721205124644,2
fb0ed51b6eb14087a60889438848902f,C0000038,2024-01-11 08:08:52,USD,100.0,100.0,finance,ATM,Withdrawal,True,False,14.350721205124644,8
71dbe9129c0240e69f63f21fb296e75b,C0000038,2023-10-09 07:39:08,USD,100.0,100.0,finance,ATM,Withdrawal,True,False,14.350721205124644,4
73bf8d0bad9d4b698afc57737427d2a4,C0000038,2025-01-07 11:17:07,USD,100.0,100.0,finance,ATM,Withdrawal,True,False,14.350721205124644,1
acc0825f56a34e6ab04cc7aa822153bf,C0000038,2024-09-12 18:09:17,USD,100.0,100.0,finance,ATM,Withdrawal,True,False,14.350721205124644,4
2252e412dee94c3691a33cc01bc578b0,C0000038,2026-08-27 22:58:44,USD,100.0,100.0,finance,ATM,Withdrawal,True,False,14.350721205124644,3
61571be26d3041328134647fc22b7f87,C0000038,2025-02-03 15:19:49,USD,100.0,100.0,finance,ATM,Withdrawal,True,False,14.350721205124644,2
0b1afa3a46e148d997ad216c64facc72,C0000038,2025-08-27 11:42:02,USD,100.0,100.0,finance,ATM,Withdrawal,True,False,14.350721205124644,4
4d18071ce94f40c088dfb12810e4aa70,C0000038,2023-11-27 09:16:08,USD,100.0,100.0,finance,ATM,Withdrawal,True,False,14.350721205124644,7
6a3715e304704707b4b3339a60a51195,C0000038,2024-08-30 17:57:36,USD,100.0,100.0,finance,ATM,Withdrawal,True,False,14.350721205124644,7
1e19d0a1039f4a6bba3d224ba75871c7,C0000038,2026-06-29 12:34:50,USD,100.0,100.0,finance,ATM,Withdrawal,True,False,14.350721205124644,1
8872d2c66a5a4e1f8f048f2805701749,C0000038,2024-07-11 08:42:55,USD,100.0,100.0,finance,ATM,Withdrawal,True,False,14.350721205124644,3
6f349fd30f4a484a932aacf3ece0ba10,C0000038,2024-05-28 14:18:21,USD,100.0,100.0,finance,ATM,Withdrawal,True,False,14.350721205124644,9
41dfaab39c794bb5b1b4e14f78213939,C0000158,2025-10-08 22:18:17,USD,1948.88,1948.88,finance,First National Bank - Mortgage,Withdrawal,True,False,14.309600040438683,4
9c4ecabf848b4ce6bf2e41623d3af3ed,C0000158,2026-04-08 12:25:41,USD,1948.88,1948.88,finance,First National Bank - Mortgage,Withdrawal,True,False,14.309600040438683,7
cae505b8bfc84307965697e47fe727fb,C0000158,2025-06-08 08:31:27,USD,1948.88,1948.88,finance,First National Bank - Mortgage,Withdrawal,True,False,14.309600040438683,2
52c03e0f4dea422e952d2beadfec7643,C0000158,2024-12-08 16:46:59,USD,1948.88,1948.88,finance,First National Bank - Mortgage,Withdrawal,True,False,14.309600040438683,7
a3ace7b1a5854ec4b2f7e1b85d32399f,C0000158,2024-06-08 20:51:30,USD,1948.88,1948.88,finance,First National Bank - Mortgage,Withdrawal,True,False,14.309600040438683,4
ce398a4a2fab47ca8fbd3ba764e1c5a8,C0000158,2025-01-08 08:20:55,USD,1948.88,1948.88,finance,First National Bank - Mortgage,Withdrawal,True,False,14.309600040438683,9
fb8b23257fed446999c0f83b8af0645d,C0000158,2024-08-08 14:04:42,USD,1948.88,1948.88,finance,First National Bank - Mortgage,Withdrawal,True,False,14.309600040438683,2
bf5824810659403b97d5c9b847273fd6,C0000158,2025-09-08 20:05:59,USD,1948.88,1948.88,finance,First National Bank - Mortgage,Withdrawal,True,False,14.309600040438683,2
6662a43b04a94cee88e68144b9134233,C0000158,2025-07-08 12:26:03,USD,1948.88,1948.88,finance,First National Bank - Mortgage,Withdrawal,True,False,14.309600040438683,6
c14b895932e045fdb1f9b5375b402506,C0000158,2025-08-08 07:05:48,USD,1948.88,1948.88,finance,First National Bank - Mortgage,Withdrawal,True,False,14.309600040438683,10
271374c3b4074376937c236b0b5c99f9,C0000158,2023-12-08 16:02:38,USD,1948.88,1948.88,finance,First National Bank - Mortgage,Withdrawal,True,False,14.309600040438683,6
a79736434960498e89cf9f8f560d9dcd,C0000158,2024-02-08 17:20:40,USD,1948.88,1948.88,finance,First National Bank - Mortgage,Withdrawal,True,False,14.309600040438683,6
6795d4b41a8941d9ab42f85b1bfb9e14,C0000158,2023-10-08 17:02:34,USD,1948.88,1948.88,finance,First National Bank - Mortgage,Withdrawal,True,False,14.309600040438683,8
db29493ee34341b1b9f6585c3ab04378,C0000158,2023-11-08 14:17:49,USD,1948.88,1948.88,finance,First National Bank - Mortgage,Withdrawal,True,False,14.309600040438683,8
da5131ccea0d4809a727ba1becd3a674,C0000158,2025-11-08 22:30:24,USD,1948.88,1948.88,finance,First National Bank - Mortgage,Withdrawal,True,False,14.309600040438683,5
9bd607c8dc7f4e9d857b4277dfb41b26,C0000158,2026-09-08 20:37:49,USD,1948.88,1948.88,finance,First National Bank - Mortgage,Withdrawal,True,False,14.309600040438683,6
c6a76562e2e446bab3401fef01636245,C0000158,2025-12-08 21:50:12,USD,1948.88,1948.88,finance,First National Bank - Mortgage,Withdrawal,True,False,14.309600040438683,8
deb71ce8a39244709e80b06883db6fe0,C0000158,2025-05-08 07:26:14,USD,1948.88,1948.88,finance,First National Bank - Mortgage,Withdrawal,True,False,14.309600040438683,6
f00eb307ae984194a5394c6e78eafc41,C0000158,2024-04-08 12:52:42,USD,1948.88,1948.88,finance,First National Bank - Mortgage,Withdrawal,True,False,14.309600040438683,7
23a12d2b0d9f4a8d8cb84571c5d2e339,C0000158,2024-01-08 17:03:52,USD,1948.88,1948.88,finance,First National Bank - Mortgage,Withdrawal,True,False,14.309600040438683,7
3486be1af51542dfa6e16ac643869c37,C0000158,2025-03-08 22:25:12,USD,1948.88,1948.88,finance,First National Bank - Mortgage,Withdrawal,True,False,14.309600040438683,7
52256beeeeaa4f779f13f337391b1008,C0000010,2024-05-01 19:26:17,GBP,150.0,190.5,finance,CASH MACHINE,Withdrawal,True,False,14.15934400117482,4
46445d28b09f4f1db7fb3fc756d6c09c,C0000178,2024-08-02 17:58:55,GBP,150.0,190.5,finance,CASH MACHINE,Withdrawal,True,False,14.10899159950026,6
2f43cc980de6491b9506e74e7cbe2fd6,C0000178,2024-06-13 17:04:40,GBP,150.0,190.5,finance,CASH MACHINE,Withdrawal,True,False,14.10899159950026,8
5a73d8776497485ebab1e05a2dbb8185,C0000178,2024-09-03 13:51:44,GBP,150.0,190.5,finance,CASH MACHINE,Withdrawal,True,False,14.10899159950026,3
7a2d04fa81d448a9b48a8703ff2e21ea,C0000178,2024-11-04 07:11:35,GBP,150.0,190.5,finance,CASH MACHINE,Withdrawal,True,False,14.10899159950026,5
f76bacf62bdf4257ab609fcb4c86344a,C0000178,2024-07-28 08:36:13,GBP,150.0,190.5,finance,CASH MACHINE,Withdrawal,True,False,14.10899159950026,2
5758b7eb52e84f8b8d865b292e6fdda7,C0000178,2024-05-11 20:36:45,GBP,150.0,190.5,finance,CASH MACHINE,Withdrawal,True,False,14.10899159950026,5
d2afca51dbd4484d8626f1fdcd95da06,C0000178,2025-02-10 19:43:24,GBP,150.0,190.5,finance,CASH MACHINE,Withdrawal,True,False,14.10899159950026,4
7efea9e2e67946148dbc84ace0183c2d,C0000178,2024-03-08 07:08:20,GBP,150.0,190.5,finance,CASH MACHINE,Withdrawal,True,False,14.10899159950026,3
e0921394d38a4b87acf76378fe9cd18e,C0000033,2026-01-23 15:39:34,USD,87.57,87.57,telecom,Verizon,Withdrawal,False,True,14.090214842834236,11
9bbea189494f4756be6c6369ced82377,C0000058,2026-06-28 09:09:28,USD,150.72,150.72,finance,Transfer from Checking,Transfer,False,True,14.001711114428971,9
832206fd476241c893f17715d775a15f,C0000058,2026-06-28 09:09:28,USD,150.72,150.72,finance,Transfer to Savings,Transfer,False,True,14.001711114428971,9
39df74a6106b418db605469d14ed2dee,C0000177,2023-11-17 09:46:41,USD,22.45,22.45,subscriptions,Planet Fitness,Withdrawal,True,False,13.980433132342135,3
d1b33d2537a24c4c8f43baf946da9d0a,C0000081,2023-11-25 20:23:18,USD,150.0,150.0,finance,ATM,Withdrawal,True,False,13.969652714268197,4
b7f7c5f40afb4a9ca46202e1e00a9a2b,C0000121,2025-10-01 15:00:19,USD,150.0,150.0,finance,ATM,Withdrawal,True,False,13.969652714268197,1
6cf56ea91f6146d8b56c5fbee6654498,C0000121,2026-09-30 18:20:35,USD,150.0,150.0,finance,ATM,Withdrawal,True,False,13.969652714268197,3
c98912a547f840a08b8362e3998e09fa,C0000081,2024-02-08 13:00:05,USD,150.0,150.0,finance,ATM,Withdrawal,True,False,13.969652714268197,8
5ddd0ce7c46c43beb02cc707b331ef0d,C0000081,2023-11-26 07:08:41,USD,150.0,150.0,finance,ATM,Withdrawal,True,False,13.969652714268197,7
95b7905fe2de44d8ba6fe029373b1569,C0000173,2024-06-01 09:28:22,USD,150.0,150.0,finance,ATM,Withdrawal,True,False,13.969652714268197,4
8e6a32dc768c4aa888baa08929448d41,C0000173,2024-09-27 19:28:45,USD,150.0,150.0,finance,ATM,Withdrawal,True,False,13.969652714268197,3
fa82cda4f8384526afc3b1380a05f84a,C0000173,2025-08-01 18:50:48,USD,150.0,150.0,finance,ATM,Withdrawal,True,False,13.969652714268197,3
67de9c2e505f450da4417e45e8f4ec1e,C0000173,2023-12-03 21:35:16,USD,150.0,150.0,finance,ATM,Withdrawal,True,False,13.969652714268197,2
ac13d311e3884550b6e9545e8f0278db,C0000081,2023-12-10 12:50:17,USD,150.0,150.0,finance,ATM,Withdrawal,True,False,13.969652714268197,3
752e5b69942b4071a4c7f5bf3c554d39,C0000058,2024-04-30 11:32:46,USD,150.0,150.0,finance,ATM,Withdrawal,True,False,13.969652714268197,2
15aa527e1740492698a4b0259fcbfbc0,C0000173,2026-01-28 08:03:29,USD,150.0,150.0,finance,ATM,Withdrawal,True,False,13.969652714268197,3
aabe8d8d33df4f338fb974ac91138c6d,C0000081,2026-02-28 19:32:47,USD,150.0,150.0,finance,ATM,Withdrawal,True,False,13.969652714268197,2
69f667b82c8d452e982d62096d050931,C0000027,2024-10-29 08:37:18,USD,150.0,150.0,finance,ATM,Withdrawal,True,False,13.969652714268197,3
d32381b122fb42af89676158ed64d2a6,C0000029,2024-05-28 14:07:12,USD,150.0,150.0,finance,ATM,Withdrawal,True,False,13.969652714268197,2
481de5cda8c3478494e105fa24246bfc,C0000027,2024-09-27 08:24:08,USD,150.0,150.0,finance,ATM,Withdrawal,True,False,13.969652714268197,4
a70af2364fc04a8c96f25a8973ba2b29,C0000081,2024-05-29 12:12:07,USD,150.0,150.0,finance,ATM,Withdrawal,True,False,13.969652714268197,5
e35ed152757c4b65bc27088a5a574744,C0000081,2026-04-27 00:37:25,USD,150.0,150.0,finance,ATM,Withdrawal,True,False,13.969652714268197,3
53b6acd145d1484ab4fb03619ee783da,C0000081,2026-04-03 17:43:19,USD,150.0,150.0,finance,ATM,Withdrawal,True,False,13.969652714268197,1
f86b1a4f48664a35a83195de191c85f7,C0000027,2025-10-30 06:47:18,USD,150.0,150.0,finance,ATM,Withdrawal,True,False,13.969652714268197,3
cfa9d97395754df4977dd3247e35ef00,C0000081,2026-08-25 08:17:49,USD,150.0,150.0,finance,ATM,Withdrawal,True,False,13.969652714268197,2
b77d3753fbc0464c838f3c9b8ac18dc5,C0000121,2025-06-01 16:23:04,USD,150.0,150.0,finance,ATM,Withdrawal,True,False,13.969652714268197,3
c245bd33172e4478919c71930012e493,C0000081,2026-04-02 12:31:57,USD,150.0,150.0,finance,ATM,Withdrawal,True,False,13.969652714268197,2
dd701f94fb9c4539be34ce84dce1deee,C0000121,2024-10-29 17:54:59,USD,150.0,150.0,finance,ATM,Withdrawal,True,False,13.969652714268197,2
98386af4ef7b42f8bded53edd0f02734,C0000121,2024-10-01 15:39:24,USD,150.0,150.0,finance,ATM,Withdrawal,True,False,13.969652714268197,1
4053c48014024f6b85eb6620b2e7f2b0,C0000027,2025-03-28 08:46:03,USD,150.0,150.0,finance,ATM,Withdrawal,True,False,13.969652714268197,1
a26f386443914a6aac2a6b474629f5e4,C0000027,2023-10-18 10:42:10,USD,150.0,150.0,finance,ATM,Withdrawal,True,False,13.969652714268197,3
e32ea86a1b72424cb75053140dac7ad9,C0000027,2023-10-17 18:33:53,USD,150.0,150.0,finance,ATM,Withdrawal,True,False,13.969652714268197,4
32991e8179b948feaf35256b4768d19e,C0000058,2026-01-02 10:12:05,USD,150.0,150.0,finance,ATM,Withdrawal,True,False,13.969652714268197,1
06dd82f1b73e4da283967032c366f7fd,C0000058,2025-11-30 00:18:29,USD,150.0,150.0,finance,ATM,Withdrawal,True,False,13.969652714268197,5
0df70b52d6634a6da038f0e6341921c5,C0000029,2026-06-28 08:14:33,USD,150.0,150.0,finance,ATM,Withdrawal,True,False,13.969652714268197,4
60c11639ab414aafa7c50575848cdddc,C0000058,2025-02-06 08:32:01,USD,150.0,150.0,finance,ATM,Withdrawal,True,False,13.969652714268197,4
ed2e6a0c42be4f9bbc581120235500d7,C0000029,2025-12-02 08:51:59,USD,150.0,150.0,finance,ATM,Withdrawal,True,False,13.969652714268197,1
42515cced93e4124badd4c937344b216,C0000027,2026-08-03 09:02:24,USD,150.0,150.0,finance,ATM,Withdrawal,True,False,13.969652714268197,4
e1db874c9f874eaea135899a8626510b,C0000081,2024-04-14 19:03:11,USD,150.0,150.0,finance,ATM,Withdrawal,True,False,13.969652714268197,6
cf17361156e149e0b27bcc656647aa71,C0000029,2025-05-01 17:19:51,USD,150.0,150.0,finance,ATM,Withdrawal,True,False,13.969652714268197,4
eb42fcb04d834402b4747cb88c7ccd47,C0000081,2024-01-07 10:59:08,USD,150.0,150.0,finance,ATM,Withdrawal,True,True,13.969652714268197,11
273b322141954f3a92a477353fc4a96d,C0000042,2025-11-03 16:59:42,EUR,150.0,162.0,finance,DAB,Withdrawal,True,False,13.94076014251494,3
af1b2067fcd14d72beece2c48e800705,C0000067,2024-08-31 09:48:33,EUR,150.0,162.0,finance,DAB,Withdrawal,True,False,13.94076014251494,7
ab2108229a824a8faee57f012c4e9712,C0000176,2026-03-04 19:50:51,EUR,150.0,162.0,finance,DAB,Withdrawal,True,False,13.94076014251494,3
7f5038ac8863454aa0d2a9fb63021cb9,C0000176,2026-03-05 23:42:00,EUR,150.0,162.0,finance,DAB,Withdrawal,True,False,13.94076014251494,4
060693404b264622ae4964fda523351d,C0000176,2026-06-02 08:32:53,EUR,150.0,162.0,finance,DAB,Withdrawal,True,False,13.94076014251494,1
9d48666683024fdcb23298997ce9b966,C0000042,2025-08-27 14:05:09,EUR,150.0,162.0,finance,DAB,Withdrawal,True,False,13.94076014251494,2
738366f643c44904b7c6de14a192844a,C0000067,2024-01-28 11:17:55,EUR,150.0,162.0,finance,DAB,Withdrawal,True,False,13.94076014251494,4
916eb7ee1eec48d29dfd6d6319ef9f62,C0000176,2025-08-29 22:41:33,EUR,150.0,162.0,finance,DAB,Withdrawal,True,False,13.94076014251494,3
c8af03a2e84349bcb4c9fe692f3b7f7e,C0000067,2025-10-29 22:16:28,EUR,150.0,162.0,finance,DAB,Withdrawal,True,False,13.94076014251494,4
44c4d1a4479c4947a77a5cd80761618c,C0000067,2024-03-30 09:54:02,EUR,150.0,162.0,finance,DAB,Withdrawal,True,False,13.94076014251494,1
f5b4e2068d664f7e9190ef787e1e99ed,C0000042,2026-02-02 11:53:38,EUR,150.0,162.0,finance,DAB,Withdrawal,True,False,13.94076014251494,1
7c635b5d8ec146d486cca373f4cf7c9b,C0000067,2026-08-31 11:17:08,EUR,150.0,162.0,finance,DAB,Withdrawal,True,False,13.94076014251494,3
8aceb15b3ec64024aa261414867a7ab4,C0000176,2025-06-29 16:47:48,EUR,150.0,162.0,finance,DAB,Withdrawal,True,False,13.94076014251494,5
1120341bfee84e94b88f2b2d7e8813c5,C0000014,2024-11-20 16:44:22,GBP,150.0,190.5,finance,CASH MACHINE,Withdrawal,True,False,13.886539946149172,5
08e5c375090a429e853123ab2a64b0aa,C0000014,2026-05-29 06:23:59,GBP,150.0,190.5,finance,CASH MACHINE,Withdrawal,True,False,13.886539946149172,4
6cab60e39829452d8c46f91be2a91a82,C0000155,2025-07-31 16:00:06,GBP,150.0,190.5,finance,CASH MACHINE,Withdrawal,True,False,13.886539946149172,2
9288b040f8eb4511990498b2515d79b0,C0000155,2026-08-28 21:02:04,GBP,150.0,190.5,finance,CASH MACHINE,Withdrawal,True,False,13.886539946149172,2
f7d4831f208845479491aebe9b4665df,C0000155,2026-10-02 15:16:13,GBP,150.0,190.5,finance,CASH MACHINE,Withdrawal,True,False,13.886539946149172,5
cb380c8d66e74696a17130d56cbb21c4,C0000049,2026-05-02 22:24:54,GBP,150.0,190.5,finance,CASH MACHINE,Withdrawal,True,False,13.886539946149172,4
069dbe6ae4334cf38cc69890f24a75e9,C0000049,2026-03-30 15:42:44,GBP,150.0,190.5,finance,CASH MACHINE,Withdrawal,True,False,13.886539946149172,5
6c5488d2984d4b32b5ba43513ac18bbe,C0000014,2025-06-04 14:21:31,GBP,150.0,190.5,finance,CASH MACHINE,Withdrawal,True,False,13.886539946149172,4
dc6be1ca738b47c7a1e40dc119832a13,C0000155,2025-09-29 21:09:11,GBP,150.0,190.5,finance,CASH MACHINE,Withdrawal,True,False,13.886539946149172,4
ad03cef4a74a4dcda177caaffffce10f,C0000155,2026-06-05 10:51:49,GBP,150.0,190.5,finance,CASH MACHINE,Withdrawal,True,False,13.886539946149172,6
b8496167091e4157b5b7a1d4054481b0,C0000099,2024-04-27 14:23:38,EUR,18.83,20.34,subscriptions,Fitness Park,Withdrawal,True,False,13.875294427543398,2
2f4931eed77649babb5f7d9bb6859ae7,C0000146,2025-09-26 18:16:10,GBP,28.08,35.66,subscriptions,The Times,Withdrawal,True,False,13.807407582391654,6
44675227d77b478cabb09110e70b2078,C0000182,2023-11-25 10:19:09,GBP,83.17,105.63,finance,Transfer from Current,Transfer,False,True,13.76697608214364,8
16eda87151e4443ca0eb5d91bf6e199e,C0000182,2023-11-25 10:19:09,GBP,83.17,105.63,finance,Transfer to Savings,Transfer,False,True,13.76697608214364,8
73ff04b75fb049f5963956ee69c48388,C0000140,2026-01-26 19:58:34,EUR,53.13,57.38,health,Krys,Withdrawal,True,False,13.753823437058331,4
001ce74e654d42f29758ad627b66a593,C0000150,2023-10-22 11:12:23,EUR,100.0,108.0,finance,DAB,Withdrawal,True,False,13.65478683871098,3
d284b08f9e3644afbb80e6aaec0df31d,C0000150,2023-10-19 14:27:22,EUR,100.0,108.0,finance,DAB,Withdrawal,True,False,13.65478683871098,1
31e4091c58e94090bc89f735cc5c4d33,C0000150,2025-03-29 08:27:26,EUR,100.0,108.0,finance,DAB,Withdrawal,True,False,13.65478683871098,5
01f70d5283ac413a840ea98405d18ea4,C0000150,2024-09-28 09:14:01,EUR,100.0,108.0,finance,DAB,Withdrawal,True,False,13.65478683871098,3
96ea09aef39c4dd392bf3d4dc98641df,C0000150,2026-05-03 08:23:20,EUR,100.0,108.0,finance,DAB,Withdrawal,True,False,13.65478683871098,4
480029b9b0644c1988b8223a096db81e,C0000150,2026-07-28 14:08:09,EUR,100.0,108.0,finance,DAB,Withdrawal,True,False,13.65478683871098,3
c7105114aa9c4590aa16b7fda20b87fe,C0000150,2025-12-06 14:11:47,EUR,100.0,108.0,finance,DAB,Withdrawal,True,False,13.65478683871098,4
17f9376c04da4105ad9a179df100ac72,C0000150,2025-06-27 19:17:10,EUR,100.0,108.0,finance,DAB,Withdrawal,True,False,13.65478683871098,5
158d8c5d69df431996af7948fc16bc60,C0000150,2026-01-05 13:02:11,EUR,100.0,108.0,finance,DAB,Withdrawal,True,False,13.65478683871098,4
14a60de17d56476e922ac02e3a47ec82,C0000150,2024-11-09 16:45:12,EUR,100.0,108.0,finance,DAB,Withdrawal,True,False,13.65478683871098,2
2b399f17e682425893042ab14e5c3d4d,C0000058,2026-03-28 22:40:25,USD,140.22,140.22,finance,Transfer from Checking,Transfer,False,True,13.51837821444203,10
7fcefc649a144ed5887abfa3e71acf53,C0000058,2026-03-28 22:40:25,USD,140.22,140.22,finance,Transfer to Savings,Transfer,False,True,13.51837821444203,10
9c99d267f3ef48799501954d70917f53,C0000074,2023-11-08 22:06:15,USD,2743.16,2743.16,finance,First National Bank - Mortgage,Withdrawal,True,False,13.482563477795567,3
64cae8b9ebcf41228c2eb5d002bc926c,C0000074,2023-10-08 12:22:25,USD,2743.16,2743.16,finance,First National Bank - Mortgage,Withdrawal,True,False,13.482563477795567,7
e800bb2facc04fadb5b7dcda1b5cdf21,C0000182,2024-03-04 20:56:24,GBP,80.0,101.6,finance,CASH MACHINE,Withdrawal,True,False,13.412705807149548,3
b23c2414e3a44b7a896debb79c9c4ef2,C0000182,2024-02-04 21:56:11,GBP,80.0,101.6,finance,CASH MACHINE,Withdrawal,True,False,13.412705807149548,1
0ef9caee8cf845a9b866ebab9f8b426c,C0000182,2024-08-30 12:15:03,GBP,80.0,101.6,finance,CASH MACHINE,Withdrawal,True,False,13.412705807149548,4
97a63f727b02483ab8a98ef11063f2e6,C0000182,2024-01-31 16:49:59,GBP,80.0,101.6,finance,CASH MACHINE,Withdrawal,True,False,13.412705807149548,2
6d31e6f3e9814c9fab06a521e7d25b1f,C0000068,2023-11-29 14:38:40,USD,150.0,150.0,finance,ATM,Withdrawal,True,False,13.295152714268191,2
2cedfee2e3ac420096cd4900f65db065,C0000068,2026-07-27 14:20:01,USD,150.0,150.0,finance,ATM,Withdrawal,True,False,13.295152714268191,5
a5af8b12e8764a8da0938b0fce89590f,C0000068,2023-12-25 15:58:43,USD,150.0,150.0,finance,ATM,Withdrawal,True,False,13.295152714268191,4
465ed2a53e90452bbdeb9970d07f45fe,C0000129,2024-11-02 19:40:28,USD,150.0,150.0,finance,ATM,Withdrawal,True,False,13.295152714268191,3
e1bc97b86cd04670ba8d35e3c9ab7002,C0000129,2024-10-31 15:01:04,USD,150.0,150.0,finance,ATM,Withdrawal,True,False,13.295152714268191,5
380f61282f1448aa93c8ab90fb289dcf,C0000129,2023-10-12 19:29:28,USD,150.0,150.0,finance,ATM,Withdrawal,True,False,13.295152714268191,4
3544fd3b1a714fe6b382157f34d6220e,C0000129,2023-11-17 18:45:04,USD,150.0,150.0,finance,ATM,Withdrawal,True,False,13.295152714268191,4
50e8ed5940c0428db0cae3eb9ac1eaf9,C0000068,2026-03-28 14:38:13,USD,150.0,150.0,finance,ATM,Withdrawal,True,False,13.295152714268191,4
702f788cd70e4c6cb3b4bc23326739fd,C0000068,2024-03-28 18:21:59,USD,150.0,150.0,finance,ATM,Withdrawal,True,False,13.295152714268191,4
999cba2e570540f7aa1293981201cfe8,C0000129,2024-01-27 20:30:29,USD,150.0,150.0,finance,ATM,Withdrawal,True,False,13.295152714268191,7
876b4cd1849749cf8fb46fc8abe6b9d5,C0000129,2023-12-04 16:20:52,USD,150.0,150.0,finance,ATM,Withdrawal,True,False,13.295152714268191,3
89f0c1c2074e4eaca8dba39aa732bdd1,C0000129,2024-06-04 18:56:25,USD,150.0,150.0,finance,ATM,Withdrawal,True,True,13.295152714268191,10
222e1771d8a8461b8d19747eea0817c3,C0000129,2024-12-08 08:20:38,USD,150.0,150.0,finance,ATM,Withdrawal,True,False,13.295152714268191,4
f440fb9da1e043819c03a90379e9cd15,C0000160,2026-03-28 08:49:02,EUR,150.0,162.0,finance,DAB,Withdrawal,True,False,13.26626014251494,3
09438789795f4e1ebf74b4cfc6c5d4b0,C0000160,2026-02-28 09:22:43,EUR,150.0,162.0,finance,DAB,Withdrawal,True,False,13.26626014251494,1
416ec4e1dcbc40c18826a11e5e6e1aa4,C0000160,2023-10-30 15:56:10,EUR,150.0,162.0,finance,DAB,Withdrawal,True,False,13.26626014251494,4
ac09f58d4ca54f8684b349c48930437c,C0000018,2024-01-28 07:12:11,USD,200.0,200.0,finance,ATM,Withdrawal,True,False,13.249040686583283,2
f014b8961e5e4d7b9ca92e2aacacb81e,C0000018,2024-01-27 18:56:04,USD,200.0,200.0,finance,ATM,Withdrawal,True,False,13.249040686583283,4
a8e488f9fdd0432e8250f3b7ad453d46,C0000190,2024-03-03 15:39:25,GBP,80.0,101.6,finance,CASH MACHINE,Withdrawal,True,False,13.243789126545776,5
ba29fe5012c744adbe80982c75f8d1da,C0000190,2026-01-03 16:57:22,GBP,80.0,101.6,finance,CASH MACHINE,Withdrawal,True,False,13.243789126545776,4
c8f4b8eb68eb41bf88233f84a8d23a6d,C0000120,2024-09-30 16:10:18,GBP,150.0,190.5,finance,CASH MACHINE,Withdrawal,True,False,13.212039946149172,5
a26482d95cb94d6592d019980942db89,C0000199,2024-08-16 16:27:51,GBP,150.0,190.5,finance,CASH MACHINE,Withdrawal,True,False,13.212039946149172,3
126b540d15814dc8a1020f2771c422fe,C0000117,2025-08-18 08:43:33,GBP,150.0,190.5,finance,CASH MACHINE,Withdrawal,True,False,13.212039946149172,1
fe3ca5f67fcc4bf181061267d15d10d0,C0000120,2024-02-29 07:47:13,GBP,150.0,190.5,finance,CASH MACHINE,Withdrawal,True,False,13.212039946149172,4
6e32e6dd4c1a49b69bf39782f127ba52,C0000146,2025-03-01 17:52:19,GBP,26.69,33.9,subscriptions,The Times,Withdrawal,True,False,13.170391271044682,6
c54120211b634dd491d574edf59a2082,C0000147,2026-09-04 07:13:16,USD,886.2,886.2,finance,Vela Neobank - Auto Loan,Withdrawal,True,False,13.137940135164971,2
85a92c20c93742039581cb765b335e06,C0000147,2026-10-04 11:48:57,USD,886.2,886.2,finance,Vela Neobank - Auto Loan,Withdrawal,True,False,13.137940135164971,6
ab92a11a071c4153abddc43de93b0877,C0000146,2023-11-04 07:38:47,GBP,25.86,32.84,subscriptions,The Times,Withdrawal,True,False,12.771043384675428,7
5304b7093850475eb0e2c0c4b461528c,C0000016,2026-10-02 18:52:17,USD,50.0,50.0,finance,ATM,Withdrawal,True,False,12.634238675244855,3
5525dd5268b34e7abc95a42518d32c49,C0000038,2024-07-29 15:51:28,USD,80.0,80.0,finance,ATM,Withdrawal,True,False,12.426475473895009,7
e15bc867f3fd43c1af2f01881db71742,C0000038,2026-04-02 12:17:40,USD,80.0,80.0,finance,ATM,Withdrawal,True,False,12.426475473895009,2
b362f731ecfa45c6b9934b92aee0648d,C0000038,2024-08-15 06:37:24,USD,80.0,80.0,finance,ATM,Withdrawal,True,False,12.426475473895009,9
c31c81f8d9a3479e8de68ff0728a7a66,C0000177,2024-10-05 08:37:10,USD,20.91,20.91,subscriptions,Planet Fitness,Withdrawal,True,False,12.092596225041069,3
15573e845c584f3fb941fab394a85872,C0000132,2024-11-01 10:35:28,EUR,100.0,108.0,finance,DAB,Withdrawal,True,False,12.06817587279698,4
659e8d1c520b4a4e8e33159f1aa1c64b,C0000132,2024-09-02 17:09:22,EUR,100.0,108.0,finance,DAB,Withdrawal,True,False,12.06817587279698,2
5a1fae0fc6694fed9a402fba393ec124,C0000132,2026-08-02 13:50:19,EUR,100.0,108.0,finance,DAB,Withdrawal,True,False,12.06817587279698,4
534fba53d5464c41b161e2aa8c1e3fe6,C0000132,2026-05-28 19:05:21,EUR,100.0,108.0,finance,DAB,Withdrawal,True,False,12.06817587279698,3
1d84256afb7643758cce77391ab7866b,C0000132,2026-07-30 12:10:15,EUR,100.0,108.0,finance,DAB,Withdrawal,True,False,12.06817587279698,2
00714cd0883b4858ad5f933fa9d89ee8,C0000132,2026-06-28 18:32:56,EUR,100.0,108.0,finance,DAB,Withdrawal,True,False,12.06817587279698,7
e9fda3505a6843239ef6a8c9765a4cea,C0000132,2025-05-30 18:45:12,EUR,100.0,108.0,finance,DAB,Withdrawal,True,False,12.06817587279698,3
71a01ee9643b42958b89df9217f2e893,C0000132,2025-09-04 19:23:46,EUR,100.0,108.0,finance,DAB,Withdrawal,True,False,12.06817587279698,3
f87544aaa48146b8a675befd401a42e0,C0000132,2024-03-30 17:43:06,EUR,100.0,108.0,finance,DAB,Withdrawal,True,False,12.06817587279698,1
d568f3474b6f4a25afb058a12835df25,C0000132,2025-05-27 11:05:55,EUR,100.0,108.0,finance,DAB,Withdrawal,True,False,12.06817587279698,3
e01cd18165cf406fb12a052c42ad6b7b,C0000132,2024-03-31 09:17:24,EUR,100.0,108.0,finance,DAB,Withdrawal,True,False,12.06817587279698,2
ca5d80568f33419485a57bb8641d617c,C0000132,2025-09-30 17:10:59,EUR,100.0,108.0,finance,DAB,Withdrawal,True,False,12.06817587279698,2
8cf41b47994649568317a0fb21336291,C0000132,2025-07-03 13:41:15,EUR,100.0,108.0,finance,DAB,Withdrawal,True,False,12.06817587279698,4
eab408a19e73413abb652d51e534429e,C0000132,2023-10-27 07:07:00,EUR,100.0,108.0,finance,DAB,Withdrawal,True,False,12.06817587279698,2
4f9ce3ef73a542898a5dd8da636b95e1,C0000132,2024-07-27 11:47:33,EUR,100.0,108.0,finance,DAB,Withdrawal,True,False,12.06817587279698,4
a8d4d542b6124bb99b5849662395f2ee,C0000132,2023-11-27 15:54:09,EUR,100.0,108.0,finance,DAB,Withdrawal,True,False,12.06817587279698,2
02732c7965af42f999096f4e9684d204,C0000132,2025-01-31 07:47:35,EUR,100.0,108.0,finance,DAB,Withdrawal,True,False,12.06817587279698,2
0db59497b4314fc08a95962ade7027bb,C0000132,2023-11-26 08:43:40,EUR,100.0,108.0,finance,DAB,Withdrawal,True,False,12.06817587279698,3
a60cc549b0024ea09a6725bf57ce8620,C0000132,2025-02-28 17:28:10,EUR,100.0,108.0,finance,DAB,Withdrawal,True,False,12.06817587279698,2
92f6ad12a9974b598a375baaa8bd7279,C0000082,2026-07-08 15:37:16,USD,651.76,651.76,finance,First National Bank - Auto Loan,Withdrawal,True,False,12.002921037644745,1
15f7b73b1ccc4fb889898e29766b835a,C0000082,2025-02-08 09:07:24,USD,651.76,651.76,finance,First National Bank - Auto Loan,Withdrawal,True,False,12.002921037644745,3
f194250c42d04992bffb07be9b78ec78,C0000082,2024-02-08 16:28:59,USD,651.76,651.76,finance,First National Bank - Auto Loan,Withdrawal,True,False,12.002921037644745,4
697e4046f7ea4c83893b6a4a890fb109,C0000082,2024-05-08 07:49:11,USD,651.76,651.76,finance,First National Bank - Auto Loan,Withdrawal,True,False,12.002921037644745,5
05c4ed97426140b0bdc3ae32a01f383f,C0000082,2024-04-08 11:16:03,USD,651.76,651.76,finance,First National Bank - Auto Loan,Withdrawal,True,False,12.002921037644745,3
8ef19e19012542af9bf9fe46f659aae2,C0000041,2023-10-16 17:37:23,USD,200.0,200.0,finance,ATM,Withdrawal,True,False,11.942106711787218,4
52b069af34a84ed2bc1a69a54c919163,C0000041,2025-06-28 19:24:34,USD,200.0,200.0,finance,ATM,Withdrawal,True,False,11.942106711787218,7
adc25914796d4c0796f29cc677f105c8,C0000041,2025-04-05 14:56:37,USD,200.0,200.0,finance,ATM,Withdrawal,True,False,11.942106711787218,2
f00baef800fb4b90b1123509d79ff725,C0000041,2026-05-02 08:55:36,USD,200.0,200.0,finance,ATM,Withdrawal,True,False,11.942106711787218,6
662f6db6f05f4c7dbbf426e936c30db8,C0000041,2025-09-29 10:45:29,USD,200.0,200.0,finance,ATM,Withdrawal,True,False,11.942106711787218,2
6a53f93b4abd46998e91e88302f75dc6,C0000146,2024-12-09 12:11:52,GBP,24.17,30.7,subscriptions,PureGym,Withdrawal,True,False,11.92521477077252,2
a54457eae7274bf09c9319e773353854,C0000184,2026-04-30 09:25:03,GBP,29.42,37.36,subscriptions,The Times,Withdrawal,True,False,11.811802144276562,6
8cdc158145b04e5b82e4e6d49998e086,C0000082,2025-04-26 16:20:02,USD,614.58,614.58,finance,Transfer from Checking,Transfer,False,True,11.796800158125029,11
178ff6a9a23544f0b5c5a5ad7e39ef8d,C0000082,2025-04-26 16:20:02,USD,614.58,614.58,finance,Transfer to Savings,Transfer,False,True,11.796800158125029,11
8d221a7b350941f795b9d4597c3a71a0,C0000150,2024-08-02 06:42:58,EUR,80.0,86.4,finance,DAB,Withdrawal,True,False,11.77408237094722,2
c0c66b35b9a44748a0bf7c8da4bee8a7,C0000150,2023-12-30 11:46:55,EUR,80.0,86.4,finance,DAB,Withdrawal,True,False,11.77408237094722,3
260492dc5d424fa7b6b2fc7e268d95e3,C0000150,2023-12-28 18:39:58,EUR,80.0,86.4,finance,DAB,Withdrawal,True,False,11.77408237094722,6
171942421d414e3db3374f365926fbfd,C0000150,2023-11-29 13:27:44,EUR,80.0,86.4,finance,DAB,Withdrawal,True,False,11.77408237094722,5
513b2a677c224f6ea5b2e9d8332808de,C0000150,2023-10-29 20:43:13,EUR,80.0,86.4,finance,DAB,Withdrawal,True,False,11.77408237094722,1
b0f9c7b89c934cf0a78c766cf726156f,C0000150,2025-04-27 13:41:23,EUR,80.0,86.4,finance,DAB,Withdrawal,True,False,11.77408237094722,6
1d2d14e86a2e4f269b05f4debbfe6117,C0000150,2025-06-02 07:56:17,EUR,80.0,86.4,finance,DAB,Withdrawal,True,False,11.77408237094722,3
5f7f4281fb554ab6b4deac0305d3ad7f,C0000150,2026-06-30 07:47:32,EUR,80.0,86.4,finance,DAB,Withdrawal,True,False,11.77408237094722,3
08989ab656d146ebab323a94e51c3977,C0000150,2026-07-02 07:18:19,EUR,80.0,86.4,finance,DAB,Withdrawal,True,False,11.77408237094722,3
9a5ee7601ef140a1b9da1cd856d8609c,C0000120,2023-11-26 11:04:47,GBP,120.45,152.97,finance,Transfer from Current,Transfer,False,True,11.757632647560111,10
0464f77226e3459fb923d6662bf7d1da,C0000120,2023-11-26 11:04:47,GBP,120.45,152.97,finance,Transfer to Savings,Transfer,False,True,11.757632647560111,10
f27241cc41454412ba59f323b1bfc8cc,C0000143,2026-03-08 09:47:45,USD,25.68,25.68,subscriptions,Hulu,Withdrawal,True,False,11.74567185582049,1
fdf7e763a49c4ebe93e49a8c2e84d697,C0000196,2026-08-27 05:21:27,USD,200.0,200.0,finance,ATM,Withdrawal,True,False,11.703879776194258,3
d8f66fce29c9441dad0783ac97d66304,C0000196,2023-10-22 17:15:11,USD,200.0,200.0,finance,ATM,Withdrawal,True,False,11.703879776194258,5
ffe9ce9b92774665b6f61e6a2b3de08c,C0000196,2025-12-02 18:16:58,USD,200.0,200.0,finance,ATM,Withdrawal,True,False,11.703879776194258,6
90e030706d4747a5b05345b2077f967e,C0000196,2026-01-26 08:18:41,USD,200.0,200.0,finance,ATM,Withdrawal,True,False,11.703879776194258,4
7c211b5299ca4a9c9881e16540a0a579,C0000140,2026-03-26 20:09:31,EUR,47.43,51.22,health,Cabinet dentaire,Withdrawal,True,False,11.685721027120769,3
8d96dc04216147d68e355ed010315303,C0000018,2024-08-31 11:24:06,USD,150.0,150.0,finance,ATM,Withdrawal,True,False,11.642523860052304,3
5f17cef7471f451796cb29b4b9a133c1,C0000018,2023-10-14 06:42:27,USD,150.0,150.0,finance,ATM,Withdrawal,True,False,11.642523860052304,1
a99df8b312f6439a9f2b56834e60dafe,C0000018,2025-04-26 16:37:27,USD,150.0,150.0,finance,ATM,Withdrawal,True,False,11.642523860052304,5
0cd340f1d6d04f099550858da4a55545,C0000018,2025-05-28 13:23:50,USD,150.0,150.0,finance,ATM,Withdrawal,True,False,11.642523860052304,1
92927901471b4750a99dddafeeb3574c,C0000018,2026-03-25 16:57:33,USD,150.0,150.0,finance,ATM,Withdrawal,True,False,11.642523860052304,7
3fa33a58a50940aeaed7b8e517af24f9,C0000018,2024-12-02 13:20:43,USD,150.0,150.0,finance,ATM,Withdrawal,True,False,11.642523860052304,4
c4300b9e983e4261aedd225188efc852,C0000018,2025-12-27 16:48:25,USD,150.0,150.0,finance,ATM,Withdrawal,True,False,11.642523860052304,2
0f2c2a450af54c3eb4dd701aa7b878e7,C0000184,2026-03-01 21:49:48,GBP,29.04,36.88,subscriptions,PureGym,Withdrawal,True,False,11.620203624921004,5
6bb8838dc9e54ebe943c8aa10ea38b94,C0000144,2024-10-01 11:04:26,USD,823.71,823.71,finance,First National Bank - Auto Loan,Withdrawal,True,False,11.592035587330711,1
f214dfcdccd34625a2b9c0f40ad0e372,C0000144,2025-01-01 20:59:56,USD,823.71,823.71,finance,First National Bank - Auto Loan,Withdrawal,True,False,11.592035587330711,3
db469addf48547b89cde03f66fb19c13,C0000144,2025-05-01 10:37:45,USD,823.71,823.71,finance,First National Bank - Auto Loan,Withdrawal,True,False,11.592035587330711,5
e4ebb83ac22a4a18862fab25edb2ebf1,C0000144,2025-06-01 10:13:09,USD,823.71,823.71,finance,First National Bank - Auto Loan,Withdrawal,True,False,11.592035587330711,8
4b05687c7f1d4a93a98bd3a09deba8a2,C0000144,2024-12-01 22:21:10,USD,823.71,823.71,finance,First National Bank - Auto Loan,Withdrawal,True,False,11.592035587330711,3
8b4e9b1f87224bccbb16b69f445310f9,C0000144,2024-11-01 14:48:43,USD,823.71,823.71,finance,First National Bank - Auto Loan,Withdrawal,True,False,11.592035587330711,5
8e615b3e26d249af9084bdf42c837165,C0000144,2025-11-01 16:19:08,USD,823.71,823.71,finance,First National Bank - Auto Loan,Withdrawal,True,False,11.592035587330711,4
a220e401cca94693a5ce3e35cbf8c1cd,C0000144,2025-10-01 18:50:23,USD,823.71,823.71,finance,First National Bank - Auto Loan,Withdrawal,True,False,11.592035587330711,5
e77dc778a20f4db8a3efe3411eb32646,C0000144,2025-09-01 18:02:28,USD,823.71,823.71,finance,First National Bank - Auto Loan,Withdrawal,True,False,11.592035587330711,4
41d5220b28424f66b8d3af647d86899c,C0000144,2025-02-01 10:22:36,USD,823.71,823.71,finance,First National Bank - Auto Loan,Withdrawal,True,False,11.592035587330711,6
b3db9c63996744249d243d810e8ca3fa,C0000144,2025-03-01 18:09:34,USD,823.71,823.71,finance,First National Bank - Auto Loan,Withdrawal,True,False,11.592035587330711,6
d18e7578556345a78cb0025db9216170,C0000144,2024-01-01 08:58:31,USD,823.71,823.71,finance,First National Bank - Auto Loan,Withdrawal,True,False,11.592035587330711,3
f7e344f07ef34a6f903164aa6dcbd996,C0000144,2024-02-01 07:23:34,USD,823.71,823.71,finance,First National Bank - Auto Loan,Withdrawal,True,False,11.592035587330711,5
77cd084a02df47199106cdcf0766e275,C0000144,2024-05-01 11:53:16,USD,823.71,823.71,finance,First National Bank - Auto Loan,Withdrawal,True,False,11.592035587330711,1
9ab91925bf7e44dab19071deeb57ae3c,C0000144,2023-12-01 19:14:22,USD,823.71,823.71,finance,First National Bank - Auto Loan,Withdrawal,True,False,11.592035587330711,7
aeb1afef481643978584adb1b07c61ee,C0000144,2024-09-01 21:29:43,USD,823.71,823.71,finance,First National Bank - Auto Loan,Withdrawal,True,False,11.592035587330711,7
b6dd18104df04e6cbcbf12da8852ad65,C0000144,2024-08-01 20:36:37,USD,823.71,823.71,finance,First National Bank - Auto Loan,Withdrawal,True,False,11.592035587330711,1
fb8694ddaff84e1f80a7469cb139b319,C0000144,2026-06-01 21:11:53,USD,823.71,823.71,finance,First National Bank - Auto Loan,Withdrawal,True,False,11.592035587330711,2
97138c5f3550476abcf396345570b398,C0000144,2026-02-01 21:11:36,USD,823.71,823.71,finance,First National Bank - Auto Loan,Withdrawal,True,False,11.592035587330711,7
bc99a7b45e994d1795075abf7ffd9a02,C0000144,2026-10-01 22:30:52,USD,823.71,823.71,finance,First National Bank - Auto Loan,Withdrawal,True,False,11.592035587330711,6
f453cad9fff0461f9fa90c6c3220486a,C0000144,2026-08-01 11:13:33,USD,823.71,823.71,finance,First National Bank - Auto Loan,Withdrawal,True,False,11.592035587330711,8
2550413e3c714375876df8cff3a29d47,C0000144,2026-05-01 16:50:34,USD,823.71,823.71,finance,First National Bank - Auto Loan,Withdrawal,True,False,11.592035587330711,4
e16f6c47ff55448e9b93ffae9d71c098,C0000144,2026-07-01 18:28:36,USD,823.71,823.71,finance,First National Bank - Auto Loan,Withdrawal,True,False,11.592035587330711,4
7ea2e25c7b3e4aa19f907912091b75aa,C0000144,2026-03-01 12:43:15,USD,823.71,823.71,finance,First National Bank - Auto Loan,Withdrawal,True,False,11.592035587330711,3
990fe115351b44078b14c49bf11008ee,C0000144,2026-04-01 19:32:04,USD,823.71,823.71,finance,First National Bank - Auto Loan,Withdrawal,True,False,11.592035587330711,1
48a643359ea241c9b01284c528b725ad,C0000144,2024-04-01 11:56:45,USD,823.71,823.71,finance,First National Bank - Auto Loan,Withdrawal,True,False,11.592035587330711,9
e80449ab70be4a9cbb9c03bb050b8215,C0000144,2024-03-01 19:30:11,USD,823.71,823.71,finance,First National Bank - Auto Loan,Withdrawal,True,False,11.592035587330711,3
c1140b91f293486b8b64cf7f1af07cd9,C0000144,2023-11-01 22:16:44,USD,823.71,823.71,finance,First National Bank - Auto Loan,Withdrawal,True,False,11.592035587330711,4
9c502a0f65b44a209c82d2b86a8c3e57,C0000144,2025-08-01 19:33:17,USD,823.71,823.71,finance,First National Bank - Auto Loan,Withdrawal,True,False,11.592035587330711,3
7fdfa397f8d645bea9429fee6291536b,C0000144,2024-07-01 15:07:07,USD,823.71,823.71,finance,First National Bank - Auto Loan,Withdrawal,True,False,11.592035587330711,4
164eeb470ce744d08ab180e66cc31c03,C0000144,2026-09-01 22:08:24,USD,823.71,823.71,finance,First National Bank - Auto Loan,Withdrawal,True,False,11.592035587330711,4
b990d1b2e3014f8f9bd426f2b4804b72,C0000144,2025-07-01 07:25:08,USD,823.71,823.71,finance,First National Bank - Auto Loan,Withdrawal,True,False,11.592035587330711,6
c0a239fe669f4116bcca0188f76e577b,C0000144,2025-04-01 22:46:10,USD,823.71,823.71,finance,First National Bank - Auto Loan,Withdrawal,True,False,11.592035587330711,2
d41111d32b72441ab844426f79861011,C0000144,2026-01-01 10:23:09,USD,823.71,823.71,finance,First National Bank - Auto Loan,Withdrawal,True,False,11.592035587330711,5
014fad91de5d41768c077ae9e764b733,C0000144,2024-06-01 13:38:27,USD,823.71,823.71,finance,First National Bank - Auto Loan,Withdrawal,True,False,11.592035587330711,5
35bb67696a494446be980357cb7e28ff,C0000144,2025-12-01 10:53:32,USD,823.71,823.71,finance,First National Bank - Auto Loan,Withdrawal,True,False,11.592035587330711,4
fa89e995a2c5425e944057aab363536d,C0000082,2026-02-26 22:22:53,USD,560.32,560.32,finance,Transfer to Savings,Transfer,False,True,11.472481399630771,10
28b7b8f7ebd546ca94d6180bbce9cb3c,C0000082,2026-02-26 22:22:53,USD,560.32,560.32,finance,Transfer from Checking,Transfer,False,True,11.472481399630771,10
43e741c21a034b12b69ada04543814e6,C0000178,2024-10-05 09:31:00,GBP,100.0,127.0,finance,CASH MACHINE,Withdrawal,True,False,11.377666190103096,6
a52ad72ad75f4cbdb58cef7fcf5e6c40,C0000178,2023-12-19 12:28:39,GBP,100.0,127.0,finance,CASH MACHINE,Withdrawal,True,False,11.377666190103096,8
f2cdaad857dc46a9878e7997692d1bde,C0000178,2024-03-15 06:22:32,GBP,100.0,127.0,finance,CASH MACHINE,Withdrawal,True,False,11.377666190103096,4
1b732740d85e4c23a9786b301ebdedfe,C0000178,2024-01-16 18:59:03,GBP,100.0,127.0,finance,CASH MACHINE,Withdrawal,True,False,11.377666190103096,3
f47285afe4e44e84a5d10b66537093c6,C0000178,2024-08-29 17:32:13,GBP,100.0,127.0,finance,CASH MACHINE,Withdrawal,True,False,11.377666190103096,3
8e4a305c359d4618a7bbc04f18650ad0,C0000178,2025-01-18 16:05:38,GBP,100.0,127.0,finance,CASH MACHINE,Withdrawal,True,False,11.377666190103096,5
0e75b3d478fa47f5bca25cf95a2db774,C0000178,2023-11-08 20:57:52,GBP,100.0,127.0,finance,CASH MACHINE,Withdrawal,True,False,11.377666190103096,9
742fe0817c3d46958f79341c219b8860,C0000178,2023-10-31 10:53:53,GBP,100.0,127.0,finance,CASH MACHINE,Withdrawal,True,False,11.377666190103096,5
360e9118a60e430f8cc907e666c91a9e,C0000178,2025-01-12 09:44:44,GBP,100.0,127.0,finance,CASH MACHINE,Withdrawal,True,False,11.377666190103096,2
33f623e8bb4f4d719fb53d6bef39f47c,C0000178,2025-03-02 16:06:48,GBP,100.0,127.0,finance,CASH MACHINE,Withdrawal,True,False,11.377666190103096,4
25a2c26a623d49ff9505d6c70f369f24,C0000178,2023-10-17 18:58:25,GBP,100.0,127.0,finance,CASH MACHINE,Withdrawal,True,False,11.377666190103096,6
a4a0e2963f0048ffa10626dd2e6a2253,C0000178,2024-03-23 20:21:22,GBP,100.0,127.0,finance,CASH MACHINE,Withdrawal,True,False,11.377666190103096,4
af7de6a6df04475a88bf2c116a7eabd0,C0000178,2024-04-28 06:30:44,GBP,100.0,127.0,finance,CASH MACHINE,Withdrawal,True,False,11.377666190103096,2
c3290c83afe6497d996dfff595a62b60,C0000044,2024-01-04 14:17:46,USD,744.82,744.82,finance,First National Bank - Auto Loan,Withdrawal,True,False,11.3457680214117,3
9eb7e2bf2c3b4e65a3889a9001c3c7f3,C0000044,2026-10-04 09:58:19,USD,744.82,744.82,finance,First National Bank - Auto Loan,Withdrawal,True,False,11.3457680214117,4
4bc9388ad7fb42d9855bf0b7bbd62c08,C0000044,2026-07-04 14:51:22,USD,744.82,744.82,finance,First National Bank - Auto Loan,Withdrawal,True,False,11.3457680214117,4
8a2b094eeb2342fbbec3471e47cfcc66,C0000044,2026-01-04 20:17:37,USD,744.82,744.82,finance,First National Bank - Auto Loan,Withdrawal,True,False,11.3457680214117,2
a35a7be08e0b4af99a7bd2be6f60a2c1,C0000044,2026-04-04 18:24:40,USD,744.82,744.82,finance,First National Bank - Auto Loan,Withdrawal,True,False,11.3457680214117,3
b39fda9004354c3ebd866fd5efb5e3ad,C0000044,2026-09-04 10:37:32,USD,744.82,744.82,finance,First National Bank - Auto Loan,Withdrawal,True,False,11.3457680214117,3
9fa17fb603c548fa87da00ede10d8c4b,C0000044,2024-05-04 19:22:26,USD,744.82,744.82,finance,First National Bank - Auto Loan,Withdrawal,True,False,11.3457680214117,7
21ad87ebd40f427a8fe2b6e456dc75e0,C0000044,2024-07-04 16:45:23,USD,744.82,744.82,finance,First National Bank - Auto Loan,Withdrawal,True,False,11.3457680214117,3
edd1dfbfca2540c089e441081571c9ff,C0000044,2024-06-04 14:17:21,USD,744.82,744.82,finance,First National Bank - Auto Loan,Withdrawal,True,False,11.3457680214117,3
29b3db1b8cd84a0c9b253a766fbabc20,C0000044,2025-06-04 15:39:59,USD,744.82,744.82,finance,First National Bank - Auto Loan,Withdrawal,True,False,11.3457680214117,3
e019c1626e48457ea2e32b248efbf2de,C0000044,2023-11-04 18:31:25,USD,744.82,744.82,finance,First National Bank - Auto Loan,Withdrawal,True,False,11.3457680214117,4
4c2a3222a8ca4e8397231c7e7524d627,C0000010,2024-03-31 09:24:46,GBP,100.0,127.0,finance,CASH MACHINE,Withdrawal,True,False,11.290005758718268,1
9401619246854b9a8ac4df4842ef0ce0,C0000010,2024-04-29 12:41:03,GBP,100.0,127.0,finance,CASH MACHINE,Withdrawal,True,False,11.290005758718268,1
f7b7f9f3968f4a528b9f89cb72fc1eb7,C0000010,2024-07-30 22:22:36,GBP,100.0,127.0,finance,CASH MACHINE,Withdrawal,True,False,11.290005758718268,2
7782a353548f4ebfbde917d7a492b7aa,C0000010,2026-06-01 17:29:25,GBP,100.0,127.0,finance,CASH MACHINE,Withdrawal,True,False,11.290005758718268,2
8cc5b13bba3e4bb0aa8a239ff33bb505,C0000010,2024-03-01 07:26:38,GBP,100.0,127.0,finance,CASH MACHINE,Withdrawal,True,False,11.290005758718268,5
f0a1f7f4337a4c41b17a692bf021b48d,C0000010,2026-05-30 11:39:37,GBP,100.0,127.0,finance,CASH MACHINE,Withdrawal,True,False,11.290005758718268,5
2a3a346de000485cbc2e6e1c90eb2cc8,C0000010,2026-05-29 19:59:04,GBP,100.0,127.0,finance,CASH MACHINE,Withdrawal,True,False,11.290005758718268,2
19230f4c657847d6a0bbc770e8e7b027,C0000010,2026-02-01 16:10:08,GBP,100.0,127.0,finance,CASH MACHINE,Withdrawal,True,False,11.290005758718268,3
d2abf8b2893f4d3eb53635b0e6e0d8d6,C0000010,2026-03-01 10:40:47,GBP,100.0,127.0,finance,CASH MACHINE,Withdrawal,True,False,11.290005758718268,4
93dce3a965d8473ca2deb43eafe77133,C0000010,2025-07-04 13:02:51,GBP,100.0,127.0,finance,CASH MACHINE,Withdrawal,True,False,11.290005758718268,2
044967e9ff774975a926f92509bc8d7d,C0000010,2024-04-28 21:58:11,GBP,100.0,127.0,finance,CASH MACHINE,Withdrawal,True,False,11.290005758718268,8
f879da347c864a069c7c66a507f300ca,C0000173,2026-03-31 07:30:25,USD,100.0,100.0,finance,ATM,Withdrawal,True,False,11.259350080513824,2
848650c7ea89463c94ad6d829ca2b129,C0000121,2025-03-04 16:06:10,USD,100.0,100.0,finance,ATM,Withdrawal,True,False,11.259350080513824,3
984f701e31324f7383d0e6a09114c1d4,C0000173,2026-09-01 15:55:47,USD,100.0,100.0,finance,ATM,Withdrawal,True,False,11.259350080513824,3
3ec96078404d4875a65733d139865ade,C0000121,2024-10-05 20:45:25,USD,100.0,100.0,finance,ATM,Withdrawal,True,False,11.259350080513824,1
0599a5e581f54fa89b6b51f4fb82bab7,C0000173,2024-06-28 13:08:37,USD,100.0,100.0,finance,ATM,Withdrawal,True,False,11.259350080513824,1
63ac2eee729342c3a229cd19da08599d,C0000173,2024-08-27 10:21:56,USD,100.0,100.0,finance,ATM,Withdrawal,True,False,11.259350080513824,3
08494a641678451392c6a1ca313d397b,C0000173,2024-08-31 09:37:39,USD,100.0,100.0,finance,ATM,Withdrawal,True,False,11.259350080513824,5
34a692c658054b3f867503c7c757a330,C0000058,2023-12-28 09:50:38,USD,100.0,100.0,finance,ATM,Withdrawal,True,False,11.259350080513824,7
e0532d5324624809aed2f30d78d0c2b6,C0000081,2025-06-27 18:20:42,USD,100.0,100.0,finance,ATM,Withdrawal,True,False,11.259350080513824,2
f536cbff70fc47cd86d9e77bdd8b3582,C0000081,2025-07-05 06:38:47,USD,100.0,100.0,finance,ATM,Withdrawal,True,False,11.259350080513824,3
1bbfaca95f34401dbde4c1bd838bce23,C0000173,2024-11-01 16:07:40,USD,100.0,100.0,finance,ATM,Withdrawal,True,False,11.259350080513824,5
3c9e2b9deda442a7b5fce0d2a2069148,C0000081,2024-11-25 15:08:03,USD,100.0,100.0,finance,ATM,Withdrawal,True,False,11.259350080513824,4
0e8544686cdc436e85b3c72bc8f535dd,C0000081,2024-10-29 13:32:24,USD,100.0,100.0,finance,ATM,Withdrawal,True,False,11.259350080513824,5
f77a9b56296742b79a5f21dedbb167bf,C0000027,2023-10-15 14:13:04,USD,100.0,100.0,finance,ATM,Withdrawal,True,False,11.259350080513824,1
918c25050670467ab039daf087198434,C0000121,2025-06-30 12:05:43,USD,100.0,100.0,finance,ATM,Withdrawal,True,False,11.259350080513824,3
0469aa58b0044635bc757ef4e761306c,C0000121,2023-10-09 16:16:57,USD,100.0,100.0,finance,ATM,Withdrawal,True,False,11.259350080513824,4
9d037a6e9d9a4d93a5019c2c47d15806,C0000121,2024-10-06 05:09:58,USD,100.0,100.0,finance,ATM,Withdrawal,True,False,11.259350080513824,2
575da20bf20a47d1b7dfefda7c98655e,C0000027,2026-03-02 08:42:18,USD,100.0,100.0,finance,ATM,Withdrawal,True,False,11.259350080513824,4
7854d681f3574d12afe6e71d62cc0358,C0000027,2025-09-30 17:47:00,USD,100.0,100.0,finance,ATM,Withdrawal,True,False,11.259350080513824,3
c6f976ac2f0e4ea9b5714b81e728fae7,C0000027,2026-02-05 10:44:41,USD,100.0,100.0,finance,ATM,Withdrawal,True,False,11.259350080513824,6
841f9456740e48899a42d1a518f615a1,C0000027,2024-09-09 16:45:46,USD,100.0,100.0,finance,ATM,Withdrawal,True,False,11.259350080513824,4
9cb12bbd728b413297f56b81929fd887,C0000081,2024-08-02 17:49:59,USD,100.0,100.0,finance,ATM,Withdrawal,True,False,11.259350080513824,4
e5eec93ea6d74f2096715b17f3780378,C0000081,2023-10-14 20:39:08,USD,100.0,100.0,finance,ATM,Withdrawal,True,True,11.259350080513824,13
f2ec716252384241bd3c9897e4b14729,C0000027,2024-07-03 13:50:11,USD,100.0,100.0,finance,ATM,Withdrawal,True,False,11.259350080513824,6
7e73cbd5e16c4742adfd9b560f2556ae,C0000081,2024-10-25 17:20:58,USD,100.0,100.0,finance,ATM,Withdrawal,True,False,11.259350080513824,2
7eec061541914163af41c7aead9269ca,C0000081,2024-12-08 08:03:56,USD,100.0,100.0,finance,ATM,Withdrawal,True,False,11.259350080513824,5
0402fce609d8402896ac5da16c79cb72,C0000081,2025-01-16 18:01:52,USD,100.0,100.0,finance,ATM,Withdrawal,True,False,11.259350080513824,2
4079c6b9024c4f9cb3b0deb6f6714207,C0000027,2024-02-06 19:45:41,USD,100.0,100.0,finance,ATM,Withdrawal,True,False,11.259350080513824,4
bfa463b2f67c4563860afd3a38c999e7,C0000027,2024-03-27 16:28:57,USD,100.0,100.0,finance,ATM,Withdrawal,True,False,11.259350080513824,5
f3cfcdb274024094a9ac532eb7dfff46,C0000081,2025-01-13 20:24:33,USD,100.0,100.0,finance,ATM,Withdrawal,True,False,11.259350080513824,1
f74a9c4e5c3c420fa532d359892988ce,C0000081,2024-10-10 18:48:27,USD,100.0,100.0,finance,ATM,Withdrawal,True,True,11.259350080513824,10
a3e0e441c46a42a2b46659fd99b62b87,C0000081,2023-12-26 17:41:20,USD,100.0,100.0,finance,ATM,Withdrawal,True,False,11.259350080513824,4
912bd6995b714676aa76bd9b34b805fc,C0000058,2024-03-29 14:14:05,USD,100.0,100.0,finance,ATM,Withdrawal,True,False,11.259350080513824,3
2ac10c82a06440c69f6df3d7a1ef827f,C0000027,2024-04-05 09:14:46,USD,100.0,100.0,finance,ATM,Withdrawal,True,False,11.259350080513824,4
dd27abd41a1b48ce900c51f8b74ee5fa,C0000058,2024-09-02 08:28:36,USD,100.0,100.0,finance,ATM,Withdrawal,True,False,11.259350080513824,1
c5ae60bd62074b3fa094ee066fcec731,C0000058,2024-06-28 18:46:08,USD,100.0,100.0,finance,ATM,Withdrawal,True,False,11.259350080513824,7
a6dcfc64a56c4947b89a5a5ea8e39f72,C0000058,2024-04-06 07:04:09,USD,100.0,100.0,finance,ATM,Withdrawal,True,False,11.259350080513824,2
29bc68ea806e449784bb3e3c8ddbc3de,C0000027,2025-01-04 13:29:26,USD,100.0,100.0,finance,ATM,Withdrawal,True,False,11.259350080513824,8
ea9b0ca2cb3b42829ee3070db0a79e3a,C0000081,2024-08-17 07:53:49,USD,100.0,100.0,finance,ATM,Withdrawal,True,False,11.259350080513824,3
a55b7916c89e4a85af48cef0cdc117bd,C0000081,2024-09-11 09:29:03,USD,100.0,100.0,finance,ATM,Withdrawal,True,False,11.259350080513824,4
82062b25fe86445ea9eea3940b27a1b1,C0000027,2026-04-03 06:53:49,USD,100.0,100.0,finance,ATM,Withdrawal,True,False,11.259350080513824,4
3df4dddb3d5c42f2bf1243e9694713f4,C0000027,2024-10-31 14:58:08,USD,100.0,100.0,finance,ATM,Withdrawal,True,False,11.259350080513824,7
4aecb30fa4db4039b4637a92d666bf15,C0000027,2025-01-02 07:16:19,USD,100.0,100.0,finance,ATM,Withdrawal,True,False,11.259350080513824,1
bed3e5069e694d7692ecc6767c7fbdf9,C0000081,2024-02-13 19:02:43,USD,100.0,100.0,finance,ATM,Withdrawal,True,True,11.259350080513824,10
412ec596be634faf8e7f35a91acd25c6,C0000081,2024-02-22 09:15:25,USD,100.0,100.0,finance,ATM,Withdrawal,True,False,11.259350080513824,3
d6fda0e4e6364c0c833e71a94881d44c,C0000081,2024-03-08 18:50:15,USD,100.0,100.0,finance,ATM,Withdrawal,True,False,11.259350080513824,4
53010266c5d64547809536dc220800f1,C0000081,2024-04-01 15:21:25,USD,100.0,100.0,finance,ATM,Withdrawal,True,False,11.259350080513824,5
39e18b0ce6b1493e885b21f3dbbe442c,C0000081,2024-01-18 17:16:51,USD,100.0,100.0,finance,ATM,Withdrawal,True,False,11.259350080513824,6
b6013a809d084a03bebf2f8345701326,C0000081,2024-01-26 10:50:19,USD,100.0,100.0,finance,ATM,Withdrawal,True,False,11.259350080513824,6
d90dfd94b4224c04942043325647825d,C0000081,2023-11-24 08:03:54,USD,100.0,100.0,finance,ATM,Withdrawal,True,False,11.259350080513824,5
96f81110b6e7401784f239870d0a53ec,C0000081,2024-02-19 15:55:42,USD,100.0,100.0,finance,ATM,Withdrawal,True,False,11.259350080513824,5
b242a5eda10c4909b99332b40eebf33e,C0000081,2024-04-09 17:18:28,USD,100.0,100.0,finance,ATM,Withdrawal,True,False,11.259350080513824,3
cc2b544ce64546f5a26dfdc242c67f5a,C0000058,2026-03-28 08:55:13,USD,100.0,100.0,finance,ATM,Withdrawal,True,True,11.259350080513824,10
645bb38df9cb4dd3bdce4ce38a176415,C0000029,2024-12-01 15:19:47,USD,100.0,100.0,finance,ATM,Withdrawal,True,False,11.259350080513824,2
b9724eaa51fd417bb631134efd0913cb,C0000029,2023-10-28 06:15:26,USD,100.0,100.0,finance,ATM,Withdrawal,True,False,11.259350080513824,2
410ca43d8d6f4955afca86089f340d81,C0000029,2023-10-09 11:23:41,USD,100.0,100.0,finance,ATM,Withdrawal,True,False,11.259350080513824,3
2d47f633f544444ab9b2b5a7d141d266,C0000173,2026-10-01 07:37:19,USD,100.0,100.0,finance,ATM,Withdrawal,True,False,11.259350080513824,2
86545515f09847e68e80e35080cd1a18,C0000081,2024-04-13 16:48:54,USD,100.0,100.0,finance,ATM,Withdrawal,True,True,11.259350080513824,12
083d44b3285949cf9afe661bec4e9e0d,C0000029,2026-05-28 07:12:02,USD,100.0,100.0,finance,ATM,Withdrawal,True,False,11.259350080513824,4
244aaaa66679406996f83e43784478b3,C0000058,2026-01-29 07:39:42,USD,100.0,100.0,finance,ATM,Withdrawal,True,False,11.259350080513824,7
b8925dc088ec4aa1808689cb8a875bbe,C0000029,2026-04-02 06:08:12,USD,100.0,100.0,finance,ATM,Withdrawal,True,False,11.259350080513824,3
9f551b446ecd4dee9c836829f80a0f6f,C0000029,2025-12-28 10:40:05,USD,100.0,100.0,finance,ATM,Withdrawal,True,False,11.259350080513824,1
c7e7d96cfb994f0cb9a62562e17456e7,C0000029,2025-03-27 18:24:47,USD,100.0,100.0,finance,ATM,Withdrawal,True,False,11.259350080513824,3
201bb73f56594d818e7f9ee439f5fef6,C0000029,2025-07-02 12:38:15,USD,100.0,100.0,finance,ATM,Withdrawal,True,False,11.259350080513824,5
0e7cf31a801345238e2c700143a913f8,C0000029,2024-04-02 10:31:49,USD,100.0,100.0,finance,ATM,Withdrawal,True,False,11.259350080513824,2
75b751e6bd7244ba9b80639a2bc69353,C0000121,2026-02-03 15:44:38,USD,100.0,100.0,finance,ATM,Withdrawal,True,False,11.259350080513824,1
8e64c46f1bf945aabec82d310d1fd0f3,C0000173,2025-06-29 11:38:53,USD,100.0,100.0,finance,ATM,Withdrawal,True,False,11.259350080513824,2
a21e8687476240208a3423a2bccb2fdf,C0000173,2025-10-30 18:30:11,USD,100.0,100.0,finance,ATM,Withdrawal,True,False,11.259350080513824,3
6070787752584a3e8ee8562d45509fda,C0000173,2025-05-30 08:48:17,USD,100.0,100.0,finance,ATM,Withdrawal,True,False,11.259350080513824,2
e71911320cbf47668e9903969a690bdd,C0000173,2025-05-31 06:04:37,USD,100.0,100.0,finance,ATM,Withdrawal,True,False,11.259350080513824,4
f0ed0a80475b4294a010f2ff035fc6f5,C0000121,2023-12-30 12:06:13,USD,100.0,100.0,finance,ATM,Withdrawal,True,False,11.259350080513824,1
2822a55484a445fdbd1907387bad5a09,C0000121,2023-12-08 09:24:14,USD,100.0,100.0,finance,ATM,Withdrawal,True,False,11.259350080513824,1
74952f561f09406f85268e620bc2e53a,C0000176,2025-07-04 17:54:14,EUR,100.0,108.0,finance,DAB,Withdrawal,True,False,11.238880881242869,4
65e9d88dec874c92ac79603f8afd3235,C0000176,2024-08-30 12:03:11,EUR,100.0,108.0,finance,DAB,Withdrawal,True,False,11.238880881242869,2
0c944ee6891549969ecf096d60d53779,C0000176,2024-07-31 15:16:31,EUR,100.0,108.0,finance,DAB,Withdrawal,True,False,11.238880881242869,2
25fd75ce05f24fc0aac4f471d2e22849,C0000176,2024-06-04 21:39:14,EUR,100.0,108.0,finance,DAB,Withdrawal,True,False,11.238880881242869,3
6a6e2f2ba0e34c29b3b9e9c31c0e78a8,C0000176,2023-10-30 07:25:06,EUR,100.0,108.0,finance,DAB,Withdrawal,True,False,11.238880881242869,3
f4658fe98ae74ebba5b73965c3dbeac3,C0000067,2024-06-08 15:52:20,EUR,100.0,108.0,finance,DAB,Withdrawal,True,False,11.238880881242869,2
599932642d4b415f8745244293debef0,C0000176,2026-08-02 17:33:17,EUR,100.0,108.0,finance,DAB,Withdrawal,True,False,11.238880881242869,4
ef18a39d952440bdb4522872bb52539b,C0000176,2025-07-05 16:21:47,EUR,100.0,108.0,finance,DAB,Withdrawal,True,False,11.238880881242869,4
e2b50ddbba5842fa98bbf95e42b4ef79,C0000067,2025-04-08 16:36:44,EUR,100.0,108.0,finance,DAB,Withdrawal,True,False,11.238880881242869,2
38822dfa2c6340b59f3e0fee6651d456,C0000176,2024-09-01 18:07:05,EUR,100.0,108.0,finance,DAB,Withdrawal,True,False,11.238880881242869,4
e2eac728bcf4429ab5b6a1c2e7830384,C0000067,2025-03-02 15:50:45,EUR,100.0,108.0,finance,DAB,Withdrawal,True,False,11.238880881242869,1
459d468e3b834792a21ca42b4164d8e2,C0000067,2023-12-28 12:50:21,EUR,100.0,108.0,finance,DAB,Withdrawal,True,False,11.238880881242869,3
cfdbf4d1e190494b9993037083b5f692,C0000067,2023-10-21 11:44:24,EUR,100.0,108.0,finance,DAB,Withdrawal,True,False,11.238880881242869,6
0e34ce7bb0154e64b9041c972bae5615,C0000067,2024-12-31 10:58:34,EUR,100.0,108.0,finance,DAB,Withdrawal,True,False,11.238880881242869,5
2b03c38383044f8aad607c67f3d5f76e,C0000067,2025-03-09 07:14:25,EUR,100.0,108.0,finance,DAB,Withdrawal,True,False,11.238880881242869,5
d5db7f1b2e28408b9fae4b8a6aee23c3,C0000067,2024-11-07 12:53:41,EUR,100.0,108.0,finance,DAB,Withdrawal,True,False,11.238880881242869,6
9db0a5c9d5ba451e98cd2d6f8336d7df,C0000042,2025-09-03 18:06:34,EUR,100.0,108.0,finance,DAB,Withdrawal,True,False,11.238880881242869,1
d3543f381a274b71be6cf13f78163c93,C0000176,2026-03-29 06:47:28,EUR,100.0,108.0,finance,DAB,Withdrawal,True,False,11.238880881242869,3
d6d866668c5d49d8812faa611ab712ae,C0000176,2024-10-30 08:31:09,EUR,100.0,108.0,finance,DAB,Withdrawal,True,False,11.238880881242869,3
dc91e2676e1645f987f13ae300524549,C0000042,2025-08-26 19:56:27,EUR,100.0,108.0,finance,DAB,Withdrawal,True,False,11.238880881242869,3
aba0e42db37341cab025435172c98741,C0000014,2026-09-29 15:05:02,GBP,100.0,127.0,finance,CASH MACHINE,Withdrawal,True,False,11.200440502220092,6
5bf9d0b3ec1949029eee66a31dc07f2f,C0000014,2024-12-29 09:16:28,GBP,100.0,127.0,finance,CASH MACHINE,Withdrawal,True,False,11.200440502220092,3
7ef9f50dbafd46cd83505c10a64f8be5,C0000014,2026-02-02 12:03:31,GBP,100.0,127.0,finance,CASH MACHINE,Withdrawal,True,False,11.200440502220092,4
ae8e92e6dcf44d8a914bb0949d81b729,C0000155,2025-05-27 16:45:51,GBP,100.0,127.0,finance,CASH MACHINE,Withdrawal,True,False,11.200440502220092,2
6c03f3f062dc4440bc3dcd75d33ca352,C0000155,2024-03-30 07:25:32,GBP,100.0,127.0,finance,CASH MACHINE,Withdrawal,True,False,11.200440502220092,2
582efe1bd735499a8ac467bdd3d21a55,C0000155,2024-02-04 08:33:27,GBP,100.0,127.0,finance,CASH MACHINE,Withdrawal,True,False,11.200440502220092,2
952a4748e0e64b51a99d241c9cbdc775,C0000049,2024-01-31 09:29:19,GBP,100.0,127.0,finance,CASH MACHINE,Withdrawal,True,False,11.200440502220092,4
c47e703491174903bfe8d453cf187ea7,C0000049,2024-07-31 06:13:48,GBP,100.0,127.0,finance,CASH MACHINE,Withdrawal,True,False,11.200440502220092,3
f1533c9362084eeb809f95f9c7e124d7,C0000049,2025-02-02 06:49:50,GBP,100.0,127.0,finance,CASH MACHINE,Withdrawal,True,False,11.200440502220092,6
3de8200dd4974be79e189ad2e058f857,C0000049,2025-08-03 08:37:06,GBP,100.0,127.0,finance,CASH MACHINE,Withdrawal,True,False,11.200440502220092,3
bdade1a9cf49478bb47bc6f571c279f4,C0000049,2025-04-30 09:36:45,GBP,100.0,127.0,finance,CASH MACHINE,Withdrawal,True,False,11.200440502220092,4
f3485b92bd3542d1ba22ba524a456396,C0000155,2023-11-29 19:44:27,GBP,100.0,127.0,finance,CASH MACHINE,Withdrawal,True,False,11.200440502220092,5
4a1418942b8047588e55b7ea4460200b,C0000049,2026-08-01 12:03:26,GBP,100.0,127.0,finance,CASH MACHINE,Withdrawal,True,True,11.200440502220092,11
14368260b6f74497b783f1e873c7dba8,C0000049,2026-07-27 18:12:00,GBP,100.0,127.0,finance,CASH MACHINE,Withdrawal,True,False,11.200440502220092,5
69268c615db54104bc687bfc7d11e678,C0000014,2025-06-05 11:52:22,GBP,100.0,127.0,finance,CASH MACHINE,Withdrawal,True,False,11.200440502220092,4
8a6ef6d2b5ad47bb98080e924eee13f5,C0000014,2025-03-29 18:14:02,GBP,100.0,127.0,finance,CASH MACHINE,Withdrawal,True,False,11.200440502220092,5
d7a2f10e49384417834b160f5016844a,C0000014,2025-02-28 16:44:22,GBP,100.0,127.0,finance,CASH MACHINE,Withdrawal,True,False,11.200440502220092,2
3461942c0bb949c5932352227dcecb60,C0000014,2026-09-02 17:10:23,GBP,100.0,127.0,finance,CASH MACHINE,Withdrawal,True,False,11.200440502220092,3
b87c769330cb4a72abe64c0218d7e886,C0000155,2024-07-10 10:00:19,GBP,100.0,127.0,finance,CASH MACHINE,Withdrawal,True,False,11.200440502220092,3
f6ac3c706c1a400ba4fe4429c1f8bafa,C0000155,2024-05-27 15:12:10,GBP,100.0,127.0,finance,CASH MACHINE,Withdrawal,True,False,11.200440502220092,3
22bd5d327e9b4f24986de3b0ae106fed,C0000155,2026-06-28 15:35:25,GBP,100.0,127.0,finance,CASH MACHINE,Withdrawal,True,False,11.200440502220092,2
06fb313cf20c49a39ecca98b8d38006d,C0000155,2025-11-02 19:24:53,GBP,100.0,127.0,finance,CASH MACHINE,Withdrawal,True,False,11.200440502220092,4
285b803e4f5c49dcbcb1518a03802e99,C0000155,2024-12-29 13:56:12,GBP,100.0,127.0,finance,CASH MACHINE,Withdrawal,True,False,11.200440502220092,7
a7dd3c3eab4e44968c04a366e5b50c91,C0000155,2024-12-03 16:21:02,GBP,100.0,127.0,finance,CASH MACHINE,Withdrawal,True,False,11.200440502220092,1
3f0898deccf440909749aa1ecb156b59,C0000049,2026-02-28 15:16:31,GBP,100.0,127.0,finance,CASH MACHINE,Withdrawal,True,False,11.200440502220092,4
3b0d16e4098f45c387d68fc0ec1e7e13,C0000082,2023-10-26 09:38:35,USD,513.69,513.69,finance,Transfer to Savings,Transfer,False,True,11.167660285171928,10
47c44d2dbfc34aa8968507bad5a79a1b,C0000082,2023-10-26 09:38:35,USD,513.69,513.69,finance,Transfer from Checking,Transfer,False,True,11.167660285171928,10
ca0d9ab8da7f4cfb9248763b7bd69b4a,C0000143,2025-06-27 09:46:37,USD,25.07,25.07,subscriptions,Hulu,Withdrawal,True,False,11.10408731352108,1
9d9de8dfdced44e5916d15039baaa75c,C0000143,2025-03-29 12:44:03,USD,25.07,25.07,subscriptions,Hulu,Withdrawal,True,False,11.10408731352108,3
d1f06e7afc8545ec93d12c502598041d,C0000143,2025-07-03 21:15:55,USD,25.06,25.06,subscriptions,Hulu,Withdrawal,True,False,11.09344491687009,5
54ddfd6ecc124c01a12b759ef15e9451,C0000116,2026-05-05 15:56:21,EUR,313.19,338.25,finance,Néo Bank IDF - Crédit Auto,Withdrawal,True,False,11.029900877669686,5
9cf32a9bc4b04768a0b246c1b7328866,C0000116,2026-10-05 11:55:19,EUR,313.19,338.25,finance,Néo Bank IDF - Crédit Auto,Withdrawal,True,False,11.029900877669686,3
643e5e530edc43de87aec691bf368742,C0000116,2026-08-05 09:02:26,EUR,313.19,338.25,finance,Néo Bank IDF - Crédit Auto,Withdrawal,True,False,11.029900877669686,2
41c33cacd0fb45a1b13245b50b2a67dc,C0000116,2026-06-05 09:17:57,EUR,313.19,338.25,finance,Néo Bank IDF - Crédit Auto,Withdrawal,True,False,11.029900877669686,3
0b418eb0c0d144ec9b6443d63b45b75c,C0000162,2024-02-25 09:12:15,USD,7702.87,7702.87,income,EMPLOYER LLC 588,Deposit,False,True,11.001902536413724,9
3829aca60e3a4bce9f5cbdc0b6f49e45,C0000031,2024-10-26 20:36:30,EUR,3860.98,4169.86,housing,Événement: divorce,Withdrawal,True,False,10.92027653746598,3
041a77c6717240c6955681132d583970,C0000190,2024-03-02 09:45:17,GBP,60.0,76.2,finance,CASH MACHINE,Withdrawal,True,False,10.661207163599284,5
ab231b04eac4431887723a25a63c3539,C0000190,2024-01-29 14:17:39,GBP,60.0,76.2,finance,CASH MACHINE,Withdrawal,True,False,10.661207163599284,4
3cdf7482b35a40719adbe506e5286dce,C0000190,2025-09-01 14:53:22,GBP,60.0,76.2,finance,CASH MACHINE,Withdrawal,True,False,10.661207163599284,4
d30bf5c24b7c495c99818263dbebce7a,C0000068,2026-05-27 09:45:37,USD,100.0,100.0,finance,ATM,Withdrawal,True,False,10.584850080513824,6
8106c74546c4489783e4734a693e550e,C0000129,2023-12-18 18:55:08,USD,100.0,100.0,finance,ATM,Withdrawal,True,False,10.584850080513824,5
2c6f58a29fd34a8db2dafca244c1702b,C0000129,2023-12-27 15:36:37,USD,100.0,100.0,finance,ATM,Withdrawal,True,False,10.584850080513824,4
881b2ba01aaa4c2c8dc9e6be9fa9bf81,C0000129,2023-10-15 12:25:11,USD,100.0,100.0,finance,ATM,Withdrawal,True,False,10.584850080513824,4
b80e8b5ebc9e49eab9f34ab886e2c5d9,C0000129,2023-10-19 08:01:50,USD,100.0,100.0,finance,ATM,Withdrawal,True,False,10.584850080513824,1
0931f677a2e147469961d99f0dd34e48,C0000068,2023-10-25 08:19:51,USD,100.0,100.0,finance,ATM,Withdrawal,True,False,10.584850080513824,6
19b5c9260bb342f4a125d01c8a5f19db,C0000068,2024-09-25 08:33:59,USD,100.0,100.0,finance,ATM,Withdrawal,True,False,10.584850080513824,2
e8167ce61c3744c0826321ed47a78b38,C0000068,2025-03-28 07:20:46,USD,100.0,100.0,finance,ATM,Withdrawal,True,False,10.584850080513824,3
4425a00ab4a54b89843cee298f62074d,C0000068,2025-01-28 19:24:32,USD,100.0,100.0,finance,ATM,Withdrawal,True,False,10.584850080513824,6
b5a95cf8a3c349f4a12a1972d0542a09,C0000068,2026-01-31 15:42:00,USD,100.0,100.0,finance,ATM,Withdrawal,True,False,10.584850080513824,1
258c46d829324e41ac04aa0e52e475ad,C0000068,2025-04-29 08:40:56,USD,100.0,100.0,finance,ATM,Withdrawal,True,False,10.584850080513824,3
7cb08940aa534c6e962b0257567b83ea,C0000068,2025-11-26 18:58:21,USD,100.0,100.0,finance,ATM,Withdrawal,True,False,10.584850080513824,5
75302eb8de4c4d74888774c5d8751f5d,C0000068,2025-11-29 13:30:42,USD,100.0,100.0,finance,ATM,Withdrawal,True,False,10.584850080513824,2
ce765ec1018e45a39ff19a414077f863,C0000129,2024-04-02 17:28:37,USD,100.0,100.0,finance,ATM,Withdrawal,True,False,10.584850080513824,4
4899bda5813d4f01ab77677bfd9e4995,C0000129,2024-06-10 17:53:38,USD,100.0,100.0,finance,ATM,Withdrawal,True,True,10.584850080513824,10
31d0b523c0334ea5b2098e65760284f4,C0000129,2024-06-06 13:39:54,USD,100.0,100.0,finance,ATM,Withdrawal,True,False,10.584850080513824,4
5def2f60fc2e40339e026aa0a7bd1932,C0000068,2024-07-30 14:32:17,USD,100.0,100.0,finance,ATM,Withdrawal,True,False,10.584850080513824,4
a0ad47e58793451b9903f4747afadbae,C0000068,2025-12-29 17:41:19,USD,100.0,100.0,finance,ATM,Withdrawal,True,False,10.584850080513824,2
2786a436b0c9464f91a2efc19d793ed3,C0000068,2025-06-27 10:14:22,USD,100.0,100.0,finance,ATM,Withdrawal,True,False,10.584850080513824,2
3176d20da6ca4ab0a3c0f78d547fe599,C0000068,2024-02-01 19:50:36,USD,100.0,100.0,finance,ATM,Withdrawal,True,False,10.584850080513824,2
7d3fbb91b43c4140ab53009b2f159c7b,C0000068,2025-06-04 16:46:36,USD,100.0,100.0,finance,ATM,Withdrawal,True,False,10.584850080513824,4
b7fa46b2fbf0420baa352133af57c64b,C0000129,2024-08-25 07:24:43,USD,100.0,100.0,finance,ATM,Withdrawal,True,False,10.584850080513824,7
e8d273d3b44c41b497f9f7707fdfe191,C0000129,2024-11-08 02:58:36,USD,100.0,100.0,finance,ATM,Withdrawal,True,True,10.584850080513824,11
7ed3000889e24da1b62b93c2cf909cf7,C0000129,2024-02-02 20:07:48,USD,100.0,100.0,finance,ATM,Withdrawal,True,False,10.584850080513824,8
462b88318f8341dcbb9dfe3b8e717cbd,C0000129,2024-05-09 07:31:48,USD,100.0,100.0,finance,ATM,Withdrawal,True,False,10.584850080513824,4
eb82a8303e66454f91a81b0a7cc664f7,C0000160,2023-10-07 19:45:09,EUR,100.0,108.0,finance,DAB,Withdrawal,True,False,10.564380881242869,3
4974e497368f4c36b4d07091018a038d,C0000160,2023-11-01 20:19:29,EUR,100.0,108.0,finance,DAB,Withdrawal,True,False,10.564380881242869,1
4c9764ee4a324dc9977ae347a29eb4a5,C0000160,2024-10-02 16:45:47,EUR,100.0,108.0,finance,DAB,Withdrawal,True,False,10.564380881242869,3
d0f8b786f3364536bf23f1ea8cb526dc,C0000160,2026-02-04 18:36:31,EUR,100.0,108.0,finance,DAB,Withdrawal,True,False,10.564380881242869,2
d6fafe0056b944f08fd31302ea8561a3,C0000160,2025-11-27 15:56:48,EUR,100.0,108.0,finance,DAB,Withdrawal,True,False,10.564380881242869,4
9f4035e954d94bf28bd48192f68ae660,C0000160,2024-01-29 17:30:28,EUR,100.0,108.0,finance,DAB,Withdrawal,True,False,10.564380881242869,2
3013bf2c503d4998958e53f9abf70331,C0000160,2024-01-03 18:51:46,EUR,100.0,108.0,finance,DAB,Withdrawal,True,False,10.564380881242869,3
a965295c788a43c0a4eab1b0a5553e58,C0000160,2026-03-03 18:10:59,EUR,100.0,108.0,finance,DAB,Withdrawal,True,False,10.564380881242869,1
7ea7198bd7cf4209b9b6627a58fc287d,C0000087,2025-12-03 22:42:37,USD,545.04,545.04,finance,Vela Neobank - Auto Loan,Withdrawal,True,False,10.542124816505464,4
5b7d38768ae44acdb5543e1d3427f7e5,C0000087,2026-09-03 13:23:51,USD,545.04,545.04,finance,Vela Neobank - Auto Loan,Withdrawal,True,False,10.542124816505464,3
3ee557e0b2ee4dcba568e3e5bfc33fc8,C0000117,2025-10-25 06:47:05,GBP,100.0,127.0,finance,CASH MACHINE,Withdrawal,True,False,10.525940502220092,2
7043c2bb8eb141f78f98e03ae1dae682,C0000117,2026-05-26 11:34:25,GBP,100.0,127.0,finance,CASH MACHINE,Withdrawal,True,False,10.525940502220092,2
c96d85f889624fb49ca0fea6e2cadea7,C0000117,2026-01-26 07:10:35,GBP,100.0,127.0,finance,CASH MACHINE,Withdrawal,True,False,10.525940502220092,2
7d45e5c818b4484a98d732edbdb01a07,C0000117,2026-08-01 07:08:14,GBP,100.0,127.0,finance,CASH MACHINE,Withdrawal,True,False,10.525940502220092,2
9575a1fb07f140b19f1fb22752aac1dc,C0000199,2024-10-26 11:48:10,GBP,100.0,127.0,finance,CASH MACHINE,Withdrawal,True,False,10.525940502220092,5
8324c74bf9974b1db6329abf5c03a0c4,C0000120,2023-12-28 07:03:04,GBP,100.0,127.0,finance,CASH MACHINE,Withdrawal,True,False,10.525940502220092,6
2b9d2def99a9460ea2758c638699c8c0,C0000199,2026-09-28 00:59:43,GBP,100.0,127.0,finance,CASH MACHINE,Withdrawal,True,False,10.525940502220092,1
66f2974c1ba74591bd99d0619d556bbe,C0000199,2025-08-26 06:07:13,GBP,100.0,127.0,finance,CASH MACHINE,Withdrawal,True,False,10.525940502220092,4
6e294f15fd6f4863890fa3c5b14fecaa,C0000117,2025-08-20 08:59:01,GBP,100.0,127.0,finance,CASH MACHINE,Withdrawal,True,False,10.525940502220092,3
fc027c862b2445fdaa37d89cc43fa4b8,C0000117,2026-03-09 08:42:23,GBP,100.0,127.0,finance,CASH MACHINE,Withdrawal,True,False,10.525940502220092,1
b5e8450e3a044ad391433005b37606ea,C0000117,2026-09-02 15:45:54,GBP,100.0,127.0,finance,CASH MACHINE,Withdrawal,True,False,10.525940502220092,3
01fe3f76bfe04cb48685837cb3ccdaa1,C0000041,2024-01-02 16:47:50,USD,150.0,150.0,finance,ATM,Withdrawal,True,False,10.494062598212814,6
ad535ea3faf84cb0b944f629f1fea61e,C0000041,2024-10-26 18:06:35,USD,150.0,150.0,finance,ATM,Withdrawal,True,False,10.494062598212814,4
8d67939d1c5444a7ad2896bde9d19e91,C0000090,2025-08-03 22:32:21,USD,655.01,655.01,finance,Vela Neobank - Auto Loan,Withdrawal,True,False,10.480120967474017,2
ada849890929478c87c02d2a8a1a7305,C0000090,2024-12-03 12:20:47,USD,655.01,655.01,finance,Vela Neobank - Auto Loan,Withdrawal,True,False,10.480120967474017,7
19afa597f60346eaa7c0fc129d10ad5a,C0000090,2024-10-03 15:55:44,USD,655.01,655.01,finance,Vela Neobank - Auto Loan,Withdrawal,True,False,10.480120967474017,2
f206c97af0e34cc7993a2a287f9e1702,C0000090,2026-03-03 16:16:58,USD,655.01,655.01,finance,Vela Neobank - Auto Loan,Withdrawal,True,False,10.480120967474017,1
35375b3bf8974d3083e18f996fa45ddb,C0000090,2025-06-03 08:25:45,USD,655.01,655.01,finance,Vela Neobank - Auto Loan,Withdrawal,True,False,10.480120967474017,3
b71124cb1219436d9d5e520f39a4f8b6,C0000090,2026-01-03 08:25:07,USD,655.01,655.01,finance,Vela Neobank - Auto Loan,Withdrawal,True,False,10.480120967474017,2
512c1d7d7c8c4326bbaaf6ed7b7c4ebe,C0000090,2026-02-03 10:33:21,USD,655.01,655.01,finance,Vela Neobank - Auto Loan,Withdrawal,True,False,10.480120967474017,3
9c78f71fab234d18be36a55fe938ac2f,C0000090,2026-09-03 13:53:43,USD,655.01,655.01,finance,Vela Neobank - Auto Loan,Withdrawal,True,False,10.480120967474017,1
af0e1b2c88ca43988e7c2e3882a364e2,C0000090,2026-07-03 21:48:09,USD,655.01,655.01,finance,Vela Neobank - Auto Loan,Withdrawal,True,False,10.480120967474017,4
6ee9c21b7b56400ba5d638b8923ab414,C0000090,2025-10-03 13:34:58,USD,655.01,655.01,finance,Vela Neobank - Auto Loan,Withdrawal,True,False,10.480120967474017,3
bb209b8721a1473d870b4a4868d11080,C0000090,2026-08-03 07:12:25,USD,655.01,655.01,finance,Vela Neobank - Auto Loan,Withdrawal,True,False,10.480120967474017,3
86c48cb3dd594980a7a1604487a5084c,C0000090,2026-10-03 11:52:22,USD,655.01,655.01,finance,Vela Neobank - Auto Loan,Withdrawal,True,False,10.480120967474017,7
15687892a1be41509e91927406e75cba,C0000090,2025-04-03 20:27:11,USD,655.01,655.01,finance,Vela Neobank - Auto Loan,Withdrawal,True,False,10.480120967474017,3
13f30200508f4085adea96a7f3ef3f2c,C0000090,2024-07-03 16:52:52,USD,655.01,655.01,finance,Vela Neobank - Auto Loan,Withdrawal,True,False,10.480120967474017,4
0459185456b548cf835e0397edeefa4d,C0000090,2025-05-03 09:45:22,USD,655.01,655.01,finance,Vela Neobank - Auto Loan,Withdrawal,True,False,10.480120967474017,5
c92ed06d311346358884ed3343f93454,C0000090,2026-05-03 16:30:16,USD,655.01,655.01,finance,Vela Neobank - Auto Loan,Withdrawal,True,False,10.480120967474017,6
cce0bf53da3242009707a96e15e32c6e,C0000090,2026-04-03 11:56:17,USD,655.01,655.01,finance,Vela Neobank - Auto Loan,Withdrawal,True,False,10.480120967474017,6
ebcaac5d48c14e8d98f534d9a4f4df48,C0000090,2024-09-03 13:27:53,USD,655.01,655.01,finance,Vela Neobank - Auto Loan,Withdrawal,True,False,10.480120967474017,4
42c6dd37aef84301bc701ce221a69f72,C0000090,2025-11-03 20:52:40,USD,655.01,655.01,finance,Vela Neobank - Auto Loan,Withdrawal,True,False,10.480120967474017,5
06c9b93e5c2a49ae97400dc616a1f0b3,C0000090,2025-12-03 18:33:56,USD,655.01,655.01,finance,Vela Neobank - Auto Loan,Withdrawal,True,False,10.480120967474017,3
9bc3737af81e47fabd0d9fa7f3b09b2a,C0000090,2026-06-03 20:23:12,USD,655.01,655.01,finance,Vela Neobank - Auto Loan,Withdrawal,True,False,10.480120967474017,6
c0d6586748894aa9b22d5425241f0016,C0000132,2024-02-03 07:53:02,EUR,80.0,86.4,finance,DAB,Withdrawal,True,False,10.468883784209096,6
2b453ac8b4ee4f87b48b0568b886c0c2,C0000132,2023-10-26 03:22:20,EUR,80.0,86.4,finance,DAB,Withdrawal,True,False,10.468883784209096,2
951a1ce344be4dad93c4d616055535ef,C0000132,2025-12-31 06:25:33,EUR,80.0,86.4,finance,DAB,Withdrawal,True,False,10.468883784209096,2
e0780dba7a8f406ebc6cec55ef342b64,C0000132,2024-05-02 18:00:46,EUR,80.0,86.4,finance,DAB,Withdrawal,True,False,10.468883784209096,2
4489309607ca461f8e6918b4937d649a,C0000132,2025-08-29 06:18:26,EUR,80.0,86.4,finance,DAB,Withdrawal,True,False,10.468883784209096,2
c6a947d571124e289ece84ef81756359,C0000184,2024-02-10 12:40:22,GBP,26.77,34.0,subscriptions,PureGym,Withdrawal,True,False,10.417002023282336,2
029ef8f123974a71a2143a77affaab6c,C0000143,2024-06-13 15:30:31,USD,24.41,24.41,subscriptions,Hulu,Withdrawal,True,False,10.39278150630584,2
9f04ea323d93405a82d701bd7f4ccd8e,C0000196,2025-07-02 17:58:30,USD,150.0,150.0,finance,ATM,Withdrawal,True,False,10.284721948775694,2
9def2d7d3c6b4cc7856644b9a3922e7c,C0000196,2026-08-28 12:18:11,USD,150.0,150.0,finance,ATM,Withdrawal,True,False,10.284721948775694,5
c90f51cebc934498901cdaaf9780c7a9,C0000196,2026-05-03 13:18:08,USD,150.0,150.0,finance,ATM,Withdrawal,True,False,10.284721948775694,1
847e61186a2e44c1a31b4cf50edd0a04,C0000196,2025-04-29 07:28:01,USD,150.0,150.0,finance,ATM,Withdrawal,True,False,10.284721948775694,3
9622ca4eee5a4093be12f3cc6c76eb9f,C0000196,2024-01-02 15:40:53,USD,150.0,150.0,finance,ATM,Withdrawal,True,False,10.284721948775694,5
92bd2c63e698412e96c7be0d2b4240ff,C0000196,2023-10-09 06:16:01,USD,150.0,150.0,finance,ATM,Withdrawal,True,False,10.284721948775694,5
7340d9cef34b406a898bc30c6ba655cd,C0000082,2025-01-26 16:42:47,USD,398.06,398.06,finance,Transfer from Checking,Transfer,False,True,10.273322828085174,10
9a3a73b84cf244ae9173d2f91c501c44,C0000082,2025-01-26 16:42:47,USD,398.06,398.06,finance,Transfer to Savings,Transfer,False,True,10.273322828085174,10
a10e6900c5824fbd8fbc319ad40b56a8,C0000184,2026-08-30 17:37:22,GBP,26.47,33.62,subscriptions,PureGym,Withdrawal,True,False,10.250897311852452,4
c805a05488c748308fe590c41e2fa011,C0000184,2024-10-01 11:51:11,GBP,26.43,33.57,subscriptions,PureGym,Withdrawal,True,False,10.228905814028666,3
b1051a33b61747d98ab7e8e091961195,C0000060,2025-05-10 20:08:54,GBP,1473.91,1871.87,finance,Britannia Bank - Mortgage,Withdrawal,True,False,10.17303754707932,3
84bc506a69364dd78958017e856418f6,C0000060,2025-03-10 16:03:51,GBP,1473.91,1871.87,finance,Britannia Bank - Mortgage,Withdrawal,True,False,10.17303754707932,2
c4721ea0e2644deca502e0ef799ac8f8,C0000060,2023-10-10 16:19:59,GBP,1473.91,1871.87,finance,Britannia Bank - Mortgage,Withdrawal,True,False,10.17303754707932,4
ab261f05a00940ecaac63d0e1dcd9993,C0000060,2026-03-10 12:35:37,GBP,1473.91,1871.87,finance,Britannia Bank - Mortgage,Withdrawal,True,False,10.17303754707932,7
c0b88f5b90b14974a00474d3c3334d2b,C0000060,2023-11-10 17:10:19,GBP,1473.91,1871.87,finance,Britannia Bank - Mortgage,Withdrawal,True,False,10.17303754707932,8
58215a2ab43c4ee49025807f43ce279f,C0000099,2025-09-07 09:43:55,EUR,200.0,216.0,finance,DAB,Withdrawal,True,False,10.129550228892873,2
136f44a5b90a476799ebc1c7aea5817e,C0000099,2025-07-01 09:28:53,EUR,200.0,216.0,finance,DAB,Withdrawal,True,False,10.129550228892873,1
30ed2445ab0f456f89b6c04842fe866f,C0000099,2024-08-04 14:39:17,EUR,200.0,216.0,finance,DAB,Withdrawal,True,False,10.129550228892873,4
d28433a072b0471c91fe8a360c1336dd,C0000099,2023-11-21 08:04:41,EUR,200.0,216.0,finance,DAB,Withdrawal,True,False,10.129550228892873,1
432908ed5e97496e8728cccf949d790e,C0000143,2024-05-10 19:26:06,USD,24.17,24.17,subscriptions,NYTimes,Withdrawal,True,False,10.12953486607606,1
f4d184e99bad44f8b8e8dea27b4c4acc,C0000184,2024-08-29 11:56:32,GBP,26.23,33.31,subscriptions,PureGym,Withdrawal,True,False,10.1140348323122,5
04bac623ef9e47158bdde7c1eaaead72,C0000126,2026-05-10 18:13:19,USD,1731.59,1731.59,finance,Summit Private Bank - Mortgage,Withdrawal,True,False,10.112689407734786,5
9ca47cc3092e4b32ab0fdbc2df94c47f,C0000126,2026-06-10 16:24:14,USD,1731.59,1731.59,finance,Summit Private Bank - Mortgage,Withdrawal,True,False,10.112689407734786,4
1206f425a76d48da85297a2c3fa649a2,C0000126,2025-02-10 16:25:43,USD,1731.59,1731.59,finance,Summit Private Bank - Mortgage,Withdrawal,True,False,10.112689407734786,2
5d079a0b8dc34d0ba88cab8aaea77fe6,C0000126,2026-04-10 22:16:51,USD,1731.59,1731.59,finance,Summit Private Bank - Mortgage,Withdrawal,True,False,10.112689407734786,4
cdc9ea1632b940d7aa8c7b817b110022,C0000126,2025-06-10 08:48:34,USD,1731.59,1731.59,finance,Summit Private Bank - Mortgage,Withdrawal,True,False,10.112689407734786,4
e21ee43dfe7444b2986e7a16dc317c37,C0000126,2026-03-10 14:33:11,USD,1731.59,1731.59,finance,Summit Private Bank - Mortgage,Withdrawal,True,False,10.112689407734786,2
8be3991cd9504acea895268fb981ac59,C0000126,2025-12-10 21:22:37,USD,1731.59,1731.59,finance,Summit Private Bank - Mortgage,Withdrawal,True,False,10.112689407734786,2
d6f66776bf534f49a6c887f523213437,C0000126,2026-02-10 15:33:09,USD,1731.59,1731.59,finance,Summit Private Bank - Mortgage,Withdrawal,True,False,10.112689407734786,5
24a7cbed934e4ad0821504eb11b392d3,C0000126,2025-03-10 09:45:33,USD,1731.59,1731.59,finance,Summit Private Bank - Mortgage,Withdrawal,True,False,10.112689407734786,7
94eaa50899994dc48de21a40f413861a,C0000126,2025-04-10 17:35:00,USD,1731.59,1731.59,finance,Summit Private Bank - Mortgage,Withdrawal,True,False,10.112689407734786,8
e0db8a41ff404de1b20460f6d6622bac,C0000126,2024-11-10 10:26:07,USD,1731.59,1731.59,finance,Summit Private Bank - Mortgage,Withdrawal,True,False,10.112689407734786,8
2c139c1dc73941a0990aff7e209e7333,C0000126,2024-12-10 15:51:44,USD,1731.59,1731.59,finance,Summit Private Bank - Mortgage,Withdrawal,True,False,10.112689407734786,5
d9758011c21e4840b8c75f3a0628cf8a,C0000126,2024-03-10 22:25:27,USD,1731.59,1731.59,finance,Summit Private Bank - Mortgage,Withdrawal,True,False,10.112689407734786,5
179a3cbf0a4d447593d81a4c450aa6f5,C0000126,2024-10-10 14:46:46,USD,1731.59,1731.59,finance,Summit Private Bank - Mortgage,Withdrawal,True,False,10.112689407734786,1
153a5d8ef1b04d2b9e110b00cd05fee9,C0000126,2025-01-10 11:44:02,USD,1731.59,1731.59,finance,Summit Private Bank - Mortgage,Withdrawal,True,False,10.112689407734786,2
969b8af6ac174db4b48049fd6eb118ed,C0000126,2024-09-10 13:33:53,USD,1731.59,1731.59,finance,Summit Private Bank - Mortgage,Withdrawal,True,False,10.112689407734786,2
75390048c3a84912ac66e44db61b8a32,C0000126,2024-07-10 10:39:38,USD,1731.59,1731.59,finance,Summit Private Bank - Mortgage,Withdrawal,True,False,10.112689407734786,3
f9a76d74939246d0b1164e8dd63eff51,C0000126,2024-05-10 21:46:21,USD,1731.59,1731.59,finance,Summit Private Bank - Mortgage,Withdrawal,True,False,10.112689407734786,6
c3a41e4755754decac6760a90dfdc818,C0000126,2024-04-10 10:04:36,USD,1731.59,1731.59,finance,Summit Private Bank - Mortgage,Withdrawal,True,False,10.112689407734786,1
dbc9b332d80f468f9ec3db1a17ba3aed,C0000126,2024-02-10 10:09:03,USD,1731.59,1731.59,finance,Summit Private Bank - Mortgage,Withdrawal,True,False,10.112689407734786,3
0131a3a7e7ca4e40be81fe8e75c55f58,C0000038,2025-10-03 16:43:27,USD,60.0,60.0,finance,ATM,Withdrawal,True,False,9.95370992397423,4
b8472ecdb4a64de1bb9c0134dd7b3eda,C0000038,2025-10-29 18:49:55,USD,60.0,60.0,finance,ATM,Withdrawal,True,False,9.95370992397423,1
c16ebd027d604e34a4f6be3fb2b5b8bb,C0000038,2023-12-16 08:26:00,USD,60.0,60.0,finance,ATM,Withdrawal,True,False,9.95370992397423,4
d446406c1e79430ba0ee65d6e7528fe1,C0000038,2024-10-27 16:51:23,USD,60.0,60.0,finance,ATM,Withdrawal,True,False,9.95370992397423,2
bbfcee42f3534016b15ff38fd18145a3,C0000038,2024-02-20 07:39:16,USD,60.0,60.0,finance,ATM,Withdrawal,True,False,9.95370992397423,3
aec31f0b9e6e45ab9dcab7ee1fbdb193,C0000038,2026-06-26 09:14:21,USD,60.0,60.0,finance,ATM,Withdrawal,True,False,9.95370992397423,3
0872eeeb57c6422db776bbf02835f649,C0000038,2026-04-05 17:21:33,USD,60.0,60.0,finance,ATM,Withdrawal,True,False,9.95370992397423,1
4e28b46331ec446f9d190959f472fb87,C0000038,2025-01-02 15:28:43,USD,60.0,60.0,finance,ATM,Withdrawal,True,False,9.95370992397423,1
b4560b4817864764822321017a3fa351,C0000131,2025-10-28 13:47:17,GBP,439.01,557.54,finance,Transfer to Savings,Transfer,False,True,9.910107669661071,9
4b638dea5dd347839d7e4d5c2da0166b,C0000131,2025-10-28 13:47:17,GBP,439.01,557.54,finance,Transfer from Current,Transfer,False,True,9.910107669661071,9
d5fc624623594e2d838fbef3553a83f6,C0000178,2024-01-31 20:27:31,GBP,80.0,101.6,finance,CASH MACHINE,Withdrawal,True,False,9.878008947809048,2
349aa34b33964ea7a7ae5d4fcde6f47f,C0000178,2024-01-11 21:48:26,GBP,80.0,101.6,finance,CASH MACHINE,Withdrawal,True,False,9.878008947809048,5
1a6bc3dcb57444d7a34c743457e9c902,C0000178,2024-05-05 18:59:06,GBP,80.0,101.6,finance,CASH MACHINE,Withdrawal,True,False,9.878008947809048,6
ca12dd8631474d958e8afdc77d6d4e69,C0000178,2023-10-14 16:42:32,GBP,80.0,101.6,finance,CASH MACHINE,Withdrawal,True,False,9.878008947809048,5
c92b4fd5f4c64018b86f1f9c911129bc,C0000178,2024-01-22 06:19:22,GBP,80.0,101.6,finance,CASH MACHINE,Withdrawal,True,False,9.878008947809048,10
e0b37a8335ab4a1fb8712cb947ffe4ba,C0000178,2024-12-31 08:37:34,GBP,80.0,101.6,finance,CASH MACHINE,Withdrawal,True,False,9.878008947809048,6
5eb338f9b09247ce9309cfd325ffda55,C0000044,2023-10-25 15:40:41,USD,462.56,462.56,finance,Transfer from Checking,Transfer,False,True,9.833813672375689,9
282e9bc051824f979558b209955d0dcb,C0000044,2023-10-25 15:40:41,USD,462.56,462.56,finance,Transfer to Savings,Transfer,False,True,9.833813672375689,9
f067510da01148ddbbafc2601b0221f0,C0000174,2025-03-01 14:44:42,USD,200.0,200.0,finance,ATM,Withdrawal,True,False,9.815014830969153,4
2396cfa994224ab382e6964ec4b45035,C0000174,2024-04-08 15:37:25,USD,200.0,200.0,finance,ATM,Withdrawal,True,False,9.815014830969153,2
6ee27964a0944ffd8322d3476e049560,C0000174,2024-06-02 09:22:03,USD,200.0,200.0,finance,ATM,Withdrawal,True,False,9.815014830969153,5
a26f324a870b48578557a3d4915789f2,C0000174,2024-08-04 07:55:08,USD,200.0,200.0,finance,ATM,Withdrawal,True,False,9.815014830969153,2
7e9f8c418f704367a8f376fd2ce64e37,C0000174,2024-09-06 18:54:14,USD,200.0,200.0,finance,ATM,Withdrawal,True,False,9.815014830969153,3
d2fde0e897d9461faf0166386e6a0848,C0000174,2025-05-12 05:47:11,USD,200.0,200.0,finance,ATM,Withdrawal,True,False,9.815014830969153,4
66b5489c49cd4f05a526af7e67282cfa,C0000173,2024-07-29 18:04:21,USD,80.0,80.0,finance,ATM,Withdrawal,True,False,9.772162927622563,5
e517b422d16f490e95437f1139bd5154,C0000121,2024-04-28 17:11:00,USD,80.0,80.0,finance,ATM,Withdrawal,True,False,9.772162927622563,4
ba0c011162af407d827fdb5064e8972d,C0000058,2024-11-29 08:25:03,USD,80.0,80.0,finance,ATM,Withdrawal,True,False,9.772162927622563,5
057f6e75235c49beb2e0254c93f0d63f,C0000058,2025-07-30 19:09:38,USD,80.0,80.0,finance,ATM,Withdrawal,True,False,9.772162927622563,6
c5db0fff66304cfdb1ef54c404f798bb,C0000058,2024-01-01 16:26:51,USD,80.0,80.0,finance,ATM,Withdrawal,True,False,9.772162927622563,5
668d7b3fdd074201826068312ce57fa5,C0000058,2024-05-31 06:29:50,USD,80.0,80.0,finance,ATM,Withdrawal,True,True,9.772162927622563,9
72fb85c3966243289db105712cd2fda7,C0000058,2024-07-07 18:48:07,USD,80.0,80.0,finance,ATM,Withdrawal,True,False,9.772162927622563,3
9899c16a469c44cba4d54fc723019a36,C0000058,2024-01-02 18:59:11,USD,80.0,80.0,finance,ATM,Withdrawal,True,False,9.772162927622563,3
a6767ee3efb54c31aa5172d5633e0da4,C0000058,2024-02-02 05:43:30,USD,80.0,80.0,finance,ATM,Withdrawal,True,False,9.772162927622563,4
cd8d2cd1ce8c4465a571e53e400a4e2f,C0000027,2024-10-03 08:15:11,USD,80.0,80.0,finance,ATM,Withdrawal,True,False,9.772162927622563,8
0ef2a3e5b8ba47f79d33ca9925e99033,C0000027,2024-03-04 17:27:47,USD,80.0,80.0,finance,ATM,Withdrawal,True,False,9.772162927622563,6
3ad42344bdef4af2a6e6fa7ea5acf314,C0000081,2024-03-15 14:08:02,USD,80.0,80.0,finance,ATM,Withdrawal,True,False,9.772162927622563,4
d80012e8c76b470b8ed4dbd1ba8fc202,C0000081,2024-03-02 16:58:51,USD,80.0,80.0,finance,ATM,Withdrawal,True,False,9.772162927622563,6
a493f20ede1c4b828e862cfdd5a0e3e1,C0000081,2024-01-21 16:48:09,USD,80.0,80.0,finance,ATM,Withdrawal,True,False,9.772162927622563,8
54766215c21846588f62b5028a1ddb03,C0000121,2023-12-01 18:08:29,USD,80.0,80.0,finance,ATM,Withdrawal,True,False,9.772162927622563,5
903e542db5f94e92ab6ac5a1e6e62d5b,C0000029,2024-07-02 06:21:52,USD,80.0,80.0,finance,ATM,Withdrawal,True,False,9.772162927622563,2
0fa1eeb9a6a44217b1438a664da606d8,C0000121,2025-08-02 14:30:53,USD,80.0,80.0,finance,ATM,Withdrawal,True,False,9.772162927622563,4
f9e818cdfa3a4548af9d113cdab703ad,C0000029,2026-03-30 18:33:52,USD,80.0,80.0,finance,ATM,Withdrawal,True,False,9.772162927622563,2
025f8067469d4c9eb86488bf1df352d3,C0000081,2024-10-05 09:45:35,USD,80.0,80.0,finance,ATM,Withdrawal,True,True,9.772162927622563,10
f58ad9410c5c459989e9dd4a2eb026d6,C0000173,2025-04-30 17:50:28,USD,80.0,80.0,finance,ATM,Withdrawal,True,False,9.772162927622563,3
f527df4c8a034e0da3479a2757523f74,C0000081,2024-07-15 06:29:44,USD,80.0,80.0,finance,ATM,Withdrawal,True,False,9.772162927622563,5
bccf5034d9d443c49edc489bed74806e,C0000058,2025-12-05 22:05:05,USD,80.0,80.0,finance,ATM,Withdrawal,True,False,9.772162927622563,5
490dd50b162b4488b1952abb0f470443,C0000058,2024-06-29 11:25:23,USD,80.0,80.0,finance,ATM,Withdrawal,True,False,9.772162927622563,5
90c66cf5f9b74413ae3dabd6dea518b9,C0000081,2024-05-02 06:31:00,USD,80.0,80.0,finance,ATM,Withdrawal,True,False,9.772162927622563,4
73f38cd82ac94f379ab6ffa7292a0f50,C0000173,2025-07-31 20:05:58,USD,80.0,80.0,finance,ATM,Withdrawal,True,False,9.772162927622563,1
364d9d6207f844d9ac51777b3c398c62,C0000081,2023-10-25 08:08:00,USD,80.0,80.0,finance,ATM,Withdrawal,True,False,9.772162927622563,9
59d1050f78dc43509fa0f099ff900149,C0000058,2026-04-04 17:33:17,USD,80.0,80.0,finance,ATM,Withdrawal,True,False,9.772162927622563,3
7965bdcf5ed44308a66c02baf864c0fa,C0000027,2026-08-02 20:46:46,USD,80.0,80.0,finance,ATM,Withdrawal,True,False,9.772162927622563,3
23f34b9fe1374f21920c5e91f92e795b,C0000121,2025-07-02 17:31:56,USD,80.0,80.0,finance,ATM,Withdrawal,True,False,9.772162927622563,3
766de2913b4b47faa3844dec2c29305d,C0000027,2026-03-05 08:22:30,USD,80.0,80.0,finance,ATM,Withdrawal,True,False,9.772162927622563,3
dd9b5c233c664b78be2930f607ec5da2,C0000081,2025-02-25 09:19:20,USD,80.0,80.0,finance,ATM,Withdrawal,True,False,9.772162927622563,2
b16319911265490b8642e0ee8699b6d5,C0000173,2025-11-28 16:09:40,USD,80.0,80.0,finance,ATM,Withdrawal,True,False,9.772162927622563,3
533c37cf327b47518f1b17747ae83bb4,C0000058,2026-02-07 15:25:42,USD,80.0,80.0,finance,ATM,Withdrawal,True,False,9.772162927622563,6
37410d605ae54420a7a9487d73a15f40,C0000176,2024-10-31 14:27:42,EUR,80.0,86.4,finance,DAB,Withdrawal,True,False,9.755994150671585,3
e95f06255e9e445c9dc7829b9be4bc6f,C0000176,2024-04-09 08:56:29,EUR,80.0,86.4,finance,DAB,Withdrawal,True,False,9.755994150671585,3
6d346ef468c14635a3e69e22e27aaf79,C0000067,2024-07-01 18:26:02,EUR,80.0,86.4,finance,DAB,Withdrawal,True,False,9.755994150671585,4
fbc0373984a64f819ae66947cf35066f,C0000042,2026-09-02 12:20:21,EUR,80.0,86.4,finance,DAB,Withdrawal,True,False,9.755994150671585,1
2bf189e83ca84fc895cfb539cf254468,C0000067,2025-11-29 11:45:01,EUR,80.0,86.4,finance,DAB,Withdrawal,True,False,9.755994150671585,4
b002a99b326f4dc3b4641f54bbc04d87,C0000067,2026-10-03 14:43:46,EUR,80.0,86.4,finance,DAB,Withdrawal,True,False,9.755994150671585,5
f27c9ceba639485c9f2612e5b5bce295,C0000176,2026-04-05 10:07:44,EUR,80.0,86.4,finance,DAB,Withdrawal,True,False,9.755994150671585,4
80474ed52fe74a978a3d8d3685a68345,C0000176,2023-10-29 20:35:53,EUR,80.0,86.4,finance,DAB,Withdrawal,True,False,9.755994150671585,7
684b1c44225a4d18b6749774436069bd,C0000176,2025-03-29 17:42:06,EUR,80.0,86.4,finance,DAB,Withdrawal,True,False,9.755994150671585,4
5f082d924ec54b3e90b0ef4f1e2642b1,C0000176,2024-09-04 16:09:26,EUR,80.0,86.4,finance,DAB,Withdrawal,True,False,9.755994150671585,3
19c7607aeebc4350af91dcc6a4c59415,C0000042,2026-04-07 20:48:06,EUR,80.0,86.4,finance,DAB,Withdrawal,True,False,9.755994150671585,3
f53983ab582741599ada61fa377fbaca,C0000067,2024-11-02 12:13:44,EUR,80.0,86.4,finance,DAB,Withdrawal,True,False,9.755994150671585,1
3edbb5bc79054cf09f20d78fc3073c67,C0000067,2025-06-29 17:03:52,EUR,80.0,86.4,finance,DAB,Withdrawal,True,False,9.755994150671585,5
aada56fc214b455b9db82209626277ab,C0000176,2026-09-07 08:52:59,EUR,80.0,86.4,finance,DAB,Withdrawal,True,False,9.755994150671585,1
1cc3a324e754473388f1de1d09dff8b6,C0000009,2023-11-27 12:06:57,USD,200.0,200.0,finance,ATM,Withdrawal,True,False,9.750617127721757,5
b2901d39266746829ae8fd0b11a1c74e,C0000009,2025-02-27 20:48:43,USD,200.0,200.0,finance,ATM,Withdrawal,True,False,9.750617127721757,2
335b56cc2ed04c969445ff72b681a481,C0000009,2025-03-02 17:10:15,USD,200.0,200.0,finance,ATM,Withdrawal,True,False,9.750617127721757,6
42d0d15c996f4dc3b5d6509b0a86702d,C0000009,2026-07-03 18:04:11,USD,200.0,200.0,finance,ATM,Withdrawal,True,False,9.750617127721757,6
14243f2b3e1e41c18714006090c78367,C0000009,2025-12-27 16:25:53,USD,200.0,200.0,finance,ATM,Withdrawal,True,False,9.750617127721757,10
256c50d8ee19498ca736e6db461cee31,C0000014,2026-04-29 16:34:15,GBP,80.0,101.6,finance,CASH MACHINE,Withdrawal,True,False,9.725614957540907,4
da498546a81745cb9f8f6a8448ab9b96,C0000014,2025-07-04 08:44:45,GBP,80.0,101.6,finance,CASH MACHINE,Withdrawal,True,False,9.725614957540907,4
f5c040cd9fd84b9085e321e3024d092b,C0000014,2025-05-27 13:59:29,GBP,80.0,101.6,finance,CASH MACHINE,Withdrawal,True,False,9.725614957540907,5
43daeaa45e924e36808cf4dbf4c97837,C0000155,2025-04-28 15:02:44,GBP,80.0,101.6,finance,CASH MACHINE,Withdrawal,True,False,9.725614957540907,5
ff969c666840441bab7f4a0929e2ae3b,C0000155,2025-11-01 16:41:07,GBP,80.0,101.6,finance,CASH MACHINE,Withdrawal,True,False,9.725614957540907,2
8dead83a7c8a4272843480acd79601f5,C0000049,2023-10-10 09:04:53,GBP,80.0,101.6,finance,CASH MACHINE,Withdrawal,True,False,9.725614957540907,6
8ca05515c43342189d908f3a98f6a15c,C0000049,2023-11-19 20:00:52,GBP,80.0,101.6,finance,CASH MACHINE,Withdrawal,True,False,9.725614957540907,7
99bafe3c381746f0894dfd0512f8340d,C0000049,2024-03-04 16:09:38,GBP,80.0,101.6,finance,CASH MACHINE,Withdrawal,True,False,9.725614957540907,4
13fe8749bd314f17b3b47af27c292b8a,C0000049,2024-11-28 16:53:11,GBP,80.0,101.6,finance,CASH MACHINE,Withdrawal,True,False,9.725614957540907,2
88f21bc40fd34af69ac7998ec3381dfe,C0000049,2024-05-29 17:18:46,GBP,80.0,101.6,finance,CASH MACHINE,Withdrawal,True,False,9.725614957540907,6
c87a39d10b914c82bfdc174171cac609,C0000049,2024-12-28 08:44:29,GBP,80.0,101.6,finance,CASH MACHINE,Withdrawal,True,False,9.725614957540907,2
83ec4be45b394cdaa4c9e45593f4d7a5,C0000049,2024-10-31 12:37:01,GBP,80.0,101.6,finance,CASH MACHINE,Withdrawal,True,False,9.725614957540907,4
c37a45b0258f48faa56b488cbccb8a31,C0000049,2024-05-04 16:17:55,GBP,80.0,101.6,finance,CASH MACHINE,Withdrawal,True,False,9.725614957540907,6
be3ac1ca287644acb3341a6fb593ab18,C0000155,2026-08-03 16:53:03,GBP,80.0,101.6,finance,CASH MACHINE,Withdrawal,True,False,9.725614957540907,3
b02939eeabbe49aa9a3578063eeae28b,C0000155,2024-06-01 13:26:41,GBP,80.0,101.6,finance,CASH MACHINE,Withdrawal,True,False,9.725614957540907,6
6d273b2ec3b24699b52f3b014862a989,C0000010,2026-07-04 09:24:49,GBP,80.0,101.6,finance,CASH MACHINE,Withdrawal,True,False,9.714571406924575,2
61973744c87241f7bf64adbda57b806c,C0000016,2026-04-30 17:25:26,USD,40.0,40.0,finance,ATM,Withdrawal,True,False,9.692453241307524,3
9b007b3199044413a5b6037ee74b59d4,C0000054,2026-02-05 13:23:55,USD,24.79,24.79,finance,First National Bank - Overdraft Fee,Withdrawal,True,False,9.653285088636665,5
58837d8551bd441e86dd6be6b27cad5f,C0000186,2026-04-25 09:10:15,USD,32.06,32.06,subscriptions,Planet Fitness,Withdrawal,True,False,9.603688054629565,6
93ecb7e0e1e54ecdaee0b1d391697a3c,C0000131,2025-01-28 10:07:49,GBP,398.31,505.85,finance,Transfer from Current,Transfer,False,True,9.59477552340027,9
649937608e8e4828a331f012a8d01083,C0000131,2025-01-28 10:07:49,GBP,398.31,505.85,finance,Transfer to Savings,Transfer,False,True,9.59477552340027,9
6b6c49309b9f483b9068348ce984292b,C0000054,2025-12-11 10:31:08,USD,24.72,24.72,finance,First National Bank - Overdraft Fee,Withdrawal,True,False,9.567416827867987,2
a859e1c597474ebd97a4b0819f02a966,C0000044,2023-11-25 17:12:59,USD,418.55,418.55,finance,Transfer from Checking,Transfer,False,True,9.516659535177112,9
4ef162a71f5e4184a0245c4981bf7359,C0000044,2023-11-25 17:12:59,USD,418.55,418.55,finance,Transfer to Savings,Transfer,False,True,9.516659535177112,9
d6e58e246760462bbf9c806f06a8a95b,C0000054,2024-12-07 07:43:54,USD,24.66,24.66,finance,First National Bank - Overdraft Fee,Withdrawal,True,False,9.493629249600414,4
382482ecab2a48fb8c00b4bc8774e942,C0000074,2026-07-03 12:40:39,USD,652.79,652.79,finance,First National Bank - Auto Loan,Withdrawal,True,False,9.485870693975835,6
e535ad8149274dba98bf4ab809c3becb,C0000074,2026-03-03 16:06:38,USD,652.79,652.79,finance,First National Bank - Auto Loan,Withdrawal,True,False,9.485870693975835,4
b0b4aebbbdf745d3915b9d1022ae0ac5,C0000074,2026-10-03 15:18:58,USD,652.79,652.79,finance,First National Bank - Auto Loan,Withdrawal,True,False,9.485870693975835,6
df118a433ab346eea2854f737cb974f3,C0000074,2025-07-03 18:47:40,USD,652.79,652.79,finance,First National Bank - Auto Loan,Withdrawal,True,False,9.485870693975835,6
1a163ae6f9c14e3e801cd842f2a6cb3d,C0000074,2025-08-03 22:02:38,USD,652.79,652.79,finance,First National Bank - Auto Loan,Withdrawal,True,False,9.485870693975835,4
3e9ff5074d1941d8b0f9374ec0d31c8b,C0000074,2026-01-03 13:23:07,USD,652.79,652.79,finance,First National Bank - Auto Loan,Withdrawal,True,False,9.485870693975835,7
eb50f47a678940e2a404d1e5bc8d3bc2,C0000074,2026-02-03 13:34:35,USD,652.79,652.79,finance,First National Bank - Auto Loan,Withdrawal,True,False,9.485870693975835,3
0c3a1390199843cea2cb764e7274c636,C0000074,2025-11-03 17:56:45,USD,652.79,652.79,finance,First National Bank - Auto Loan,Withdrawal,True,False,9.485870693975835,2
903e9cb4c7b44040b836de417889de38,C0000074,2025-06-03 16:53:10,USD,652.79,652.79,finance,First National Bank - Auto Loan,Withdrawal,True,False,9.485870693975835,8
e7b1e5d946f74b519418b880894cd16a,C0000074,2026-09-03 11:15:55,USD,652.79,652.79,finance,First National Bank - Auto Loan,Withdrawal,True,False,9.485870693975835,2
a20310deddce45f6b9ffe1922d2e2078,C0000074,2026-08-03 10:09:28,USD,652.79,652.79,finance,First National Bank - Auto Loan,Withdrawal,True,False,9.485870693975835,4
48968ddbd05142ad99f55f913487e9bc,C0000074,2026-06-03 14:02:18,USD,652.79,652.79,finance,First National Bank - Auto Loan,Withdrawal,True,False,9.485870693975835,4
7ae13bf2835b43189060b52f8601d517,C0000074,2025-04-03 18:42:16,USD,652.79,652.79,finance,First National Bank - Auto Loan,Withdrawal,True,False,9.485870693975835,5
9a38c93d559445129d2c093e02d90f24,C0000074,2026-05-03 11:04:53,USD,652.79,652.79,finance,First National Bank - Auto Loan,Withdrawal,True,False,9.485870693975835,5
0aeb45084fa04ab292a6d6335ea5e80d,C0000074,2025-10-03 13:02:10,USD,652.79,652.79,finance,First National Bank - Auto Loan,Withdrawal,True,False,9.485870693975835,4
b3e9c914a223421e830dbbd1c99bb4f1,C0000074,2025-09-03 08:58:34,USD,652.79,652.79,finance,First National Bank - Auto Loan,Withdrawal,True,False,9.485870693975835,2
92aa9c0fe80344b0bae9548ff1204c79,C0000074,2025-12-03 09:23:32,USD,652.79,652.79,finance,First National Bank - Auto Loan,Withdrawal,True,False,9.485870693975835,8
72ecdf28194945c9a4dc870b5a7ab658,C0000074,2026-04-03 07:54:32,USD,652.79,652.79,finance,First National Bank - Auto Loan,Withdrawal,True,False,9.485870693975835,5
b753ba21ce6a4bed8dd533417702546a,C0000074,2025-05-03 16:10:41,USD,652.79,652.79,finance,First National Bank - Auto Loan,Withdrawal,True,False,9.485870693975835,8
83f20ae7825343d7abbf7dd44b47f848,C0000143,2026-05-06 22:09:34,USD,23.51,23.51,subscriptions,NYTimes,Withdrawal,True,False,9.392454129531512,2
931a071543994220af219bfcf05ae998,C0000018,2024-12-25 18:55:32,USD,100.0,100.0,finance,ATM,Withdrawal,True,False,9.383715876284835,8
87bf234615b546d295de18858b9fbca9,C0000018,2025-08-28 13:48:31,USD,100.0,100.0,finance,ATM,Withdrawal,True,False,9.383715876284835,1
ad39c21a3a9b468e9015aea9ebf29f01,C0000018,2026-06-02 17:43:13,USD,100.0,100.0,finance,ATM,Withdrawal,True,False,9.383715876284835,2
6b58ce7362164d158c83523a7286b206,C0000018,2026-07-29 15:05:57,USD,100.0,100.0,finance,ATM,Withdrawal,True,False,9.383715876284835,3
a7e679b5b8a446729b5f44b3c3272c1d,C0000018,2025-11-27 13:58:35,USD,100.0,100.0,finance,ATM,Withdrawal,True,False,9.383715876284835,3
afbd4aca14f94146b7b189ad82018061,C0000018,2024-11-30 14:56:04,USD,100.0,100.0,finance,ATM,Withdrawal,True,False,9.383715876284835,2
0bd81d9de398463894a17bdb8bb264bb,C0000018,2025-12-26 08:11:21,USD,100.0,100.0,finance,ATM,Withdrawal,True,False,9.383715876284835,2
8b78273f841841b4bd5185fb9702d2a3,C0000018,2025-11-28 17:06:56,USD,100.0,100.0,finance,ATM,Withdrawal,True,False,9.383715876284835,6
35565b2cf667496181eee3dbe109a48f,C0000018,2024-06-29 20:51:19,USD,100.0,100.0,finance,ATM,Withdrawal,True,False,9.383715876284835,6
9931f43ba4f849d0b0327ed8affb7fcd,C0000018,2026-06-28 18:39:04,USD,100.0,100.0,finance,ATM,Withdrawal,True,False,9.383715876284835,6
99d4f95ff5594306a723704051694839,C0000054,2024-07-06 20:08:05,USD,24.55,24.55,finance,First National Bank - Overdraft Fee,Withdrawal,True,False,9.357902800768626,4
81ea69f77503481084f8f3d6d7a2c4d2,C0000150,2024-06-28 08:49:49,EUR,60.0,64.8,finance,DAB,Withdrawal,True,False,9.356697121756536,3
d9b6150d11a0425ba347420c1c2c3787,C0000150,2025-03-05 07:29:05,EUR,60.0,64.8,finance,DAB,Withdrawal,True,False,9.356697121756536,3
b5e3e1a691c14f4ebe41dba16ccd177e,C0000150,2024-03-02 08:53:14,EUR,60.0,64.8,finance,DAB,Withdrawal,True,False,9.356697121756536,2
21718768fa574e2c9a7095cb3efbdd7e,C0000150,2025-03-02 17:43:27,EUR,60.0,64.8,finance,DAB,Withdrawal,True,False,9.356697121756536,2
66c267d3aa6d4296afb21a0de512fccf,C0000054,2024-02-05 14:05:20,USD,24.5,24.5,finance,First National Bank - Overdraft Fee,Withdrawal,True,False,9.296015676048825,4
1eff6468c3474ca294e607e5387cfb1a,C0000116,2025-05-29 19:26:49,EUR,200.0,216.0,finance,DAB,Withdrawal,True,False,9.275478292053098,5
8dc46045ac2541d9afa103d5ba07c748,C0000116,2024-03-28 18:34:16,EUR,200.0,216.0,finance,DAB,Withdrawal,True,False,9.275478292053098,6
0c532ac33ed64358931af0c8606ed584,C0000116,2024-05-27 16:19:31,EUR,200.0,216.0,finance,DAB,Withdrawal,True,False,9.275478292053098,4
06abf350b4194882bd716762d2ea1fd7,C0000116,2025-03-30 12:49:02,EUR,200.0,216.0,finance,DAB,Withdrawal,True,False,9.275478292053098,6
10bfbbd218ac49edb065818f6de7176d,C0000116,2024-12-31 05:31:46,EUR,200.0,216.0,finance,DAB,Withdrawal,True,False,9.275478292053098,4
3475c0272f2b4830a3fd50541c4485e0,C0000116,2025-08-03 09:56:24,EUR,200.0,216.0,finance,DAB,Withdrawal,True,False,9.275478292053098,5
ecf67299ade24dee84875da70a56f45c,C0000116,2024-11-06 08:48:01,EUR,200.0,216.0,finance,DAB,Withdrawal,True,False,9.275478292053098,7
58656a5157b44086a717453f10735cac,C0000116,2025-08-30 17:30:30,EUR,200.0,216.0,finance,DAB,Withdrawal,True,False,9.275478292053098,4
